timestamp,price,volume
1747224000,2678.66662355911,1487820335.05
1747137600,2492.03560107368,1730686034.75
1747051200,2507.46057364668,1770677218.26
1746964800,2581.85138471922,1417265014.34
1746878400,2340.18112462745,1606386782.7
1746792000,2191.49513996006,1904333620.54
1746705600,1813.8924220794,1644891780.85
1746619200,1810.43673550572,840381899.88
1746532800,1821.10790455797,746884937.63
1746446400,1816.45559327027,677816336.75
1746360000,1837.00146398258,540247895.61
1746273600,1840.02640362253,451806046.55
1746187200,1839.08934991453,708429048.24
1746100800,1795.14832467756,835190709.27
1746014400,1793.85624935174,839802408.25
1745928000,1798.87275870051,887032175.27
1745841600,1793.67594768468,997681930.11
1745755200,1819.48261182095,645881462.16
1745668800,1792.36851114991,734859867.16
1745582400,1766.97957841037,934295834.76
1745496000,1797.18121451634,791955341.35
1745409600,1756.21416485433,1207731294.16
1745323200,1576.51447881795,1074208094.57
1745236800,1584.35631934187,705872963.61
1745150400,1616.07730276901,351676538.74
1745064000,1590.80667552431,319769078.17
1744977600,1584.71313546198,325896479.34
1744891200,1580.84651996185,627669583.22
1744804800,1593.26520889813,835702897.18
1744718400,1623.1558206126,718060116.81
1744632000,1592.23416305517,872364735.05
1744545600,1647.47346082239,869775649.98
1744459200,1567.13453260623,699861603.06
1744372800,1523.51282575193,730212601.73
1744286400,1664.47659034857,872945940.44
1744200000,1470.13913176893,1230637420.84
1744113600,1562.64685379924,782329863.95
1744027200,1575.56739953971,1381997937.4
1743940800,1797.94099463005,836419127.42
1743854400,1815.05511131795,338295315.87
1743768000,1811.86343604587,812644038.74
1743681600,1797.34827930127,734322693.98
1743595200,1910.44458885171,1168479444.29
1743508800,1823.5947987608,761759997.78
1743422400,1804.94926514571,766960919.4
1743336000,1821.79188507232,549347799.29
1743249600,1893.0487589618,617747092.64
1743163200,2005.5411325805,886034645.11
1743076800,2005.5510100327,679744473.15
1742990400,2065.43729373306,712650685.75
1742904000,2078.67039444111,850118726.24
1742817600,1996.34368524456,909405664.58
1742731200,1983.27771689485,533749660.15
1742644800,1966.58141679438,460736980.05
1742558400,1977.61211430276,645918380.56
1742472000,2052.58811997109,796790180.51
1742385600,1922.71691060843,1117017659.14
1742299200,1931.31952222115,687681337.26
1742212800,1885.16698733536,420630252.29
1742126400,1941.05371959026,386033955.94
1742040000,1919.0971833827,313085990.15
1741953600,1864.97490343267,556273781.67
1741867200,1905.57669405712,661444542.92
1741780800,1928.64459212041,831084401.39
1741694400,1878.57841342795,1094033811.23
1741608000,2016.48311799014,1221065972.05
1741521600,2201.60514977902,799800015.37
1741435200,2135.29027005963,568980017.45
1741348800,2207.3028667168,1077666651.58
1741262400,2238.5265651141,809247559.18
1741176000,2171.06301304028,871358533.17
1741089600,2150.72434410543,1315151069.43
1741003200,2518.34598504815,1222179102.85
1740916800,2211.6024055809,1498420757.08
1740830400,2226.23328750289,615887353.93
1740744000,2294.94968813833,1241970342.29
1740657600,2332.51156770807,881988131.77
1740571200,2500.52000402675,1166631991.58
1740484800,2520.75772335211,1704374142.14
1740398400,2815.8822566465,1354745007.69
1740312000,2767.66210894736,763255608
1740225600,2649.77745678466,744452107.24
1740139200,2738.38248476587,1457172722.21
1740052800,2717.92758164868,760027626.29
1739966400,2661.82248969469,714800438.5
1739880000,2743.07597231522,1001545380.56
1739793600,2668.5794522154,1045161139.56
1739707200,2694.05845714794,515060236.6
1739620800,2723.98042145766,513016459.31
1739534400,2672.64794503762,863536682.49
1739448000,2739.1269512173,878342366.21
1739361600,2604.82214148912,1186693396.31
1739275200,2659.29458274138,936133372.71
1739188800,2626.17547735507,913139354.66
1739102400,2636.40193354629,812283336.58
1739016000,2606.42493692408,672831225.02
1738929600,2688.1686535146,1107030091
1738843200,2778.04158332594,1097473592.63
1738756800,2722.71043056196,1135132896.1
1738670400,2877.05305408412,1706600978.25
1738584000,2861.89848824437,2546420841.46
1738497600,3129.26362732644,1541136849.01
1738411200,3297.34629195427,1097429361.56
1738324800,3256.52550377284,1478719841.62
1738238400,3126.14477860521,1059797828.54
1738152000,3071.843311657,1149994122.2
1738065600,3168.96579206979,1175686255.77
1737979200,3269.67701357682,1738797697.48
1737892800,3328.55458948455,1001224577.09
1737806400,3317.21952743168,840896368.1
1737720000,3316.72131174917,1446897695.93
1737633600,3245.0509888693,1762174785.87
1737547200,3322.56681909813,1194299668.2
1737460800,3293.54946275622,1714633497.19
1737374400,3274.91534509805,2983070518.49
1737288000,3291.49819896435,2875498644.78
1737201600,3478.27506761721,1816490742.55
1737115200,3303.15348359119,1366645682.68
1737028800,3438.58690287976,1262797871.63
1736942400,3226.93890019622,1229600426.58
1736856000,3132.14134767722,1034502418
1736769600,3258.55231000133,1573056206.18
1736683200,3287.22280764624,640106142.24
1736596800,3270.14046799682,693358807.19
1736510400,3218.84412325557,1183730536.28
1736424000,3324.9714597184,1316259133.18
1736337600,3382.59539215508,1284438271.34
1736251200,3681.60002857729,1360476409.86
1736164800,3638.62115272724,1281088895.27
1736078400,3658.26807728701,947152364.96
1735992000,3608.56493917044,1059225244.9
1735905600,3447.83348065866,1251420479.16
1735819200,3352.7228875712,1203631979.53
1735732800,3333.53702923458,788329062.97
1735646400,3356.55233750079,1009787702.93
1735560000,3348.79010572111,1099229193.69
1735473600,3397.04189086524,693145751.69
1735387200,3321.92631429803,779822929.19
1735300800,3327.0926200044,1036343658.54
1735214400,3483.1254840019,953965398.45
1735128000,3493.08549070186,818801496.73
1735041600,3426.50026401733,1044434302.7
1734955200,3279.21113886339,1363144083.88
1734868800,3330.57441307451,943645393.2
1734782400,3468.95988050963,1206928715.98
1734696000,3431.87276475674,1965303792.3
1734609600,3646.98564163449,1975843284.28
1734523200,3891.34587033575,1798589605.89
1734436800,4009.233236177,1546501133.1
1734350400,3929.08036435511,1732113083.64
1734264000,3864.5421018272,1163577684.5
1734177600,3905.05449648197,1137741588.34
1734091200,3877.09880001058,1436242079.31
1734004800,3834.58711460144,1820943337.1
1733918400,3635.73289629703,1376616485.68
1733832000,3714.67007777838,2137695251.89
1733745600,4000.95312406457,2206167857.81
1733659200,4005.20996298752,1128402119.19
1733572800,4018.00496342126,1171080973.37
1733486400,3802.57695150036,1941472896.71
1733400000,3844.31694781287,2303069454.34
1733313600,3623.35219597163,2175683434.97
1733227200,3628.44926468375,1849993437.72
1733140800,3716.19128848501,1966413109.79
1733054400,3712.6793064717,1313370613.52
1732968000,3596.39011355399,1409042861.84
1732881600,3583.31483021964,1214532654.13
1732795200,3668.28739574243,1346590210
1732708800,3325.25976917093,1632615635.07
1732622400,3433.47273557565,1597031136.04
1732536000,3360.99038723168,2028683461.25
1732449600,3401.29941237972,1322746305.22
1732363200,3321.77970868693,1781626070.71
1732276800,3366.14672479967,1590636187.17
1732190400,3073.46176970208,2128636202.1
1732104000,3110.57200308372,1359689593.7
1732017600,3184.91415198868,1275140760.97
1731931200,3071.4935177108,1542105208.74
1731844800,3140.90592310109,1223886197.3
1731758400,3097.79194742652,1218413484.64
1731672000,3074.24893186692,1382801419.78
1731585600,3186.01030292017,1751152685.71
1731499200,3263.55759803448,2152177453.43
1731412800,3355.33313570919,2351621003
1731326400,3186.44400685931,2000612956.9
1731240000,3121.86250773348,1605881361.99
1731153600,2958.20057195954,1075000448.92
1731067200,2889.84789642203,1164172294.66
1730980800,2717.64806592627,1327784572.62
1730894400,2428.07946949559,1590698827.48
1730808000,2397.46575536764,662762773.81
1730721600,2457.31982794723,718781514.4
1730635200,2490.13069359496,705068321.81
1730548800,2511.34309840643,487127930.24
1730462400,2517.994733167,861522400.67
1730376000,2660.16995774151,815898692.09
1730289600,2634.99881405241,859480887.26
1730203200,2566.37563310881,989497227.85
1730116800,2510.02715745187,797692010.42
1730030400,2482.27841240392,440854869.1
1729944000,2435.91411200351,555623397.21
1729857600,2532.94273382756,985774689.77
1729771200,2515.94308975738,642600654.45
1729684800,2626.84228497587,749988369.7
1729598400,2671.22752884985,895722913.87
1729512000,2743.28556224663,665347756.53
1729425600,2648.1002509911,607318136.5
1729339200,2641.57443075354,434452182.81
1729252800,2604.06112174901,666057508.32
1729166400,2614.96063586923,658267840.18
1729080000,2597.45766619838,796936415.07
1728993600,2629.45180260923,1027453772.64
1728907200,2465.41635024089,898890962.71
1728820800,2478.16334629885,528729626.07
1728734400,2439.90134895365,529105314.84
1728648000,2380.31435870638,633252101.95
1728561600,2368.65193167673,714524553.56
1728475200,2439.51393512023,786859922.58
1728388800,2431.91116230249,699831496.92
1728302400,2438.25980711244,804389066.18
1728216000,2413.41091124786,406303379.42
1728129600,2418.81605571386,363061540.16
1728043200,2349.07892792946,571556881.57
1727956800,2369.7874772947,659924090
1727870400,2451.67446747841,814327751.9
1727784000,2599.59075880655,1173431010.51
1727697600,2659.36150187837,800091779.54
1727611200,2675.21014403016,449845667.34
1727524800,2697.92248360258,443634628.5
1727438400,2632.48815795433,686021485.02
1727352000,2575.33387909663,744398730.01
1727265600,2655.70844407008,585527567.97
1727179200,2650.66476706762,630463616.43
1727092800,2580.41378365722,813380580.74
1727006400,2593.30304372136,499211527.34
1726920000,2551.33134318526,431563812.78
1726833600,2468.35836277726,654329696.29
1726747200,2352.10432516368,729702867.11
1726660800,2340.22319927844,657563504.96
1726574400,2290.84563755481,581743260.44
1726488000,2327.16742199209,704999532.15
1726401600,2416.95091034684,396903456.52
1726315200,2444.10295296709,308850247.73
1726228800,2359.69033180754,521637341.77
1726142400,2342.03088651815,514771442.84
1726056000,2387.09605841051,632869601.57
1725969600,2362.17588301723,503369836.4
1725883200,2298.23747494104,609439986.77
1725796800,2269.04145737937,413115419.07
1725710400,2218.60683886949,442704985.35
1725624000,2367.96891422674,1043059024.86
1725537600,2454.6766290734,593764388.64
1725451200,2444.28742072372,742913647.24
1725364800,2540.61328270813,534619811.61
1725278400,2434.08531248851,614702882.71
1725192000,2514.94549844101,569697798.63
1725105600,2522.98235008744,286078412.21
1725019200,2527.64192365829,679251814.75
1724932800,2528.49128934939,604526974.71
1724846400,2461.59562113484,920624679.97
1724760000,2686.54460035311,841835859.43
1724673600,2762.43829311368,649892974.02
1724587200,2761.0227268941,532906453.79
1724500800,2766.36673130817,675670116.7
1724414400,2623.17833756049,890683598.44
1724328000,2631.64688402284,572718682.77
1724241600,2581.14471040526,705785146.78
1724155200,2626.61420618637,713666540.23
1724068800,2639.43390915966,625679779.88
1723982400,2611.64358634577,484904046.47
1723896000,2596.93414980869,383724570.23
1723809600,2572.91449168614,686158161.96
1723723200,2667.05018382145,899544104.97
1723636800,2707.19183843951,788677552.81
1723550400,2712.46176312215,807805236.89
1723464000,2561.61030795924,1027623888.36
1723377600,2607.26041509845,762328872.7
1723291200,2594.33796090262,509999351.56
1723204800,2684.23894842413,896511395.41
1723118400,2348.42813835743,1187413815.18
1723032000,2469.43882333174,1231540074.71
1722945600,2435.54289207516,1289121739.39
1722859200,2709.89729227574,3290983667.22
1722772800,2906.447447013,1030351412.89
1722686400,2988.02989523028,910472692.08
1722600000,3199.62250298507,1127589694.22
1722513600,3232.39351687395,1085842752.62
1722427200,3276.30965082901,892217179.47
1722340800,3325.0936146757,848844639.88
1722254400,3266.82905786186,1206914589.19
1722168000,3263.6540014406,558361614.11
1722081600,3274.70553355899,912795766.23
1721995200,3173.03137042034,838058095.84
1721908800,3331.27014961446,1277471806.39
1721822400,3480.13496888497,971046056.57
1721736000,3445.42523730522,1530563435.62
1721649600,3529.38587554985,952043154.9
1721563200,3519.55989142941,876257018.07
1721476800,3510.5250464054,693850679.32
1721390400,3428.05388819957,1120335349.21
1721304000,3400.96016783141,1000427764.1
1721217600,3444.6523090434,1034175978.55
1721131200,3470.39728213008,1126322050.88
1721044800,3252.63871087501,1054578591.08
1720958400,3172.26492040743,612100062.59
1720872000,3127.23242116259,554297987.03
1720785600,3101.1420965474,751001099.31
1720699200,3101.15902543216,860966715.66
1720612800,3064.46516784511,856379463.23
1720526400,3022.44047208688,902701667.56
1720440000,2942.04373791085,1331218949.99
1720353600,3065.73917562781,667494925.73
1720267200,2983.99850493087,769957497.33
1720180800,3100.8019693131,1757975100.68
1720094400,3294.69084873877,1253617527.92
1720008000,3418.36192524767,1199862049.04
1719921600,3446.05485896309,724422945.71
1719835200,3434.25231215273,940317688.62
1719748800,3376.25818995135,690214004.41
1719662400,3373.36347208354,573358862.61
1719576000,3444.69879065086,1111159081.08
1719489600,3375.34944571623,1461068878.69
1719403200,3400.44295437459,1237891840.4
1719316800,3346.0389846078,990777210.91
1719230400,3421.4895507091,1495192450.15
1719144000,3498.13404857334,678387110.32
1719057600,3518.60955612396,642157693.89
1718971200,3516.0151708601,1182491335.73
1718884800,3559.57759557013,984654134.12
1718798400,3476.90716761327,1088372105.39
1718712000,3514.41905339706,1377850164.83
1718625600,3617.2387840932,1146165050.26
1718539200,3563.5328593466,613203258.06
1718452800,3478.53605436911,669163739.84
1718366400,3472.48815284836,994338595.55
1718280000,3562.66500603467,964193274.71
1718193600,3497.86278884609,1097906310.65
1718107200,3668.01994722408,1177839829.27
1718020800,3706.66034119864,770648342.25
1717934400,3678.93234342091,538585347.64
1717848000,3684.77265277503,666407538.11
1717761600,3808.5250328061,1111830211.81
1717675200,3859.19713805943,846689246.01
1717588800,3812.90899090647,994634266.7
1717502400,3770.32113903804,946289797.65
1717416000,3781.5606579974,968056720.06
1717329600,3813.88703145176,735660250.75
1717243200,3765.8065120846,694525024.85
1717156800,3747.3944800581,1045692501.1
1717070400,3770.37325522635,1014527782.18
1716984000,3846.15201685723,1023598884.6
1716897600,3887.72034451086,1124664529.01
1716811200,3832.00705456983,1284558529.12
1716724800,3746.39499516218,989924373.16
1716638400,3731.77041832995,714671053.22
1716552000,3775.32131677318,1323606577.1
1716465600,3742.25574548803,2607484927.25
1716379200,3795.12907855879,1375556873.84
1716292800,3652.95040823326,1928790842.3
1716206400,3072.64690201088,1781555755.72
1716120000,3119.53718775386,882748382.66
1716033600,3091.73448347588,828093754.64
1715947200,2939.7487971941,1289912562.94
1715860800,3025.98016958443,1180649007.48
1715774400,2886.18192969788,1408521979.72
1715688000,2948.31552938509,1136714104.84
1715601600,2929.82243641925,1169620315.25
1715515200,2914.24828052907,546989148.92
1715428800,2907.1891662508,656099268.26
1715342400,3031.80668689192,1185792841.87
1715256000,2968.98371698509,1090925545.93
1715169600,3027.6625731472,1405031087.25
1715083200,3073.5019321826,1441215814.03
1714996800,3137.48975401579,1512569611.11
1714910400,3116.79996766143,1129324091.09
1714824000,3108.57734383874,1124439716.99
1714737600,2992.06547152211,1567471442.72
1714651200,2969.86266587902,1511542362.88
1714564800,3010.58222257485,2140576132.32
1714478400,3206.8868911586,2152837428.52
1714392000,3280.88213110836,1779838891.45
1714305600,3249.69432740757,1453126705.89
1714219200,3131.84000607575,1540464977.07
1714132800,3160.75493519389,1462590922.73
1714046400,3133.66558963395,1935403385.23
1713960000,3216.12993518294,2624079345.67
1713873600,3202.95078533422,1442156469.27
1713787200,3150.30156017379,1548420918.42
1713700800,3154.44310902657,1215489162.86
1713614400,3069.87381767318,1215904435.65
1713528000,3068.36077014914,2418409038.75
1713441600,2989.87434312436,1733273203.07
1713355200,3089.00857608156,1911465221.71
1713268800,3104.50460266322,2269812880.46
1713182400,3159.80258555002,2494936183.93
1713096000,3027.42982842908,2673702903.14
1713009600,3231.43996327042,3536918279.11
1712923200,3505.68403854011,2943928105.24
1712836800,3541.45416011813,2192793042.3
1712750400,3503.90497978355,2173257572.33
1712664000,3696.20418162799,2396240150.01
1712577600,3435.22129787561,2301639335.69
1712491200,3363.75932493501,1538516750.4
1712404800,3323.64504943079,1065560520.24
1712318400,3327.54143929751,1810019214.4
1712232000,3317.45233373587,1804991997.17
1712145600,3280.74067259901,1951375481.46
1712059200,3507.18240974108,2720821118.19
1711972800,3641.18971528134,2097703576.19
1711886400,3507.9373440111,1700988700.11
1711800000,3516.580464437,1679321794.78
1711713600,3565.57563390676,1642054433.39
1711627200,3502.3024033475,1819697791.69
1711540800,3591.84767874399,2342848003.85
1711454400,3597.38187577423,2182934526.23
1711368000,3452.5957340091,2161497531.59
1711281600,3366.34490912199,1504386407.33
1711195200,3312.23518843483,1501176034.43
1711108800,3490.28769141435,2412336534.95
1711022400,3515.50013593047,2479814469.5
1710936000,3186.0142193145,3745475396.65
1710849600,3525.81385810482,2995909050.53
1710763200,3639.98926032825,2101936132.68
1710676800,3528.67729388071,1894408660.32
1710590400,3720.8703525916,2268182207.54
1710504000,3880.98102379347,3486677066.75
1710417600,4000.21111838204,2598547815.69
1710331200,3965.14484424367,2083760757.59
1710244800,4068.26143887866,2505636328.45
1710158400,3875.13658493048,2498846972.9
1710072000,3912.84682993993,1771480616.18
1709985600,3899.19745909004,1331940385.1
1709899200,3868.18668737849,2277397895.2
1709812800,3821.37612755353,2159298001.82
1709726400,3540.95393582897,3317372555.42
1709640000,3617.21216724029,4972474009.63
1709553600,3479.53818295732,2558080040.54
1709467200,3416.95553063271,1974353097.28
1709380800,3435.97160539698,1569190190.07
1709294400,3348.06103450394,1731912239.73
1709208000,3364.33716590647,2502065594.78
1709121600,3245.41166454831,3048032319.16
1709035200,3178.02437064952,2055521907.68
1708948800,3107.83276069285,1648848329.07
1708862400,2989.71750907569,1240169305.16
1708776000,2927.64996719983,934191245.83
1708689600,2977.44502360166,1267728492.9
1708603200,2949.10278440735,1433371548.32
1708516800,3005.43085805584,1537835676.14
1708430400,2948.13413012261,1611292516.19
1708344000,2875.00295776599,1333289058.27
1708257600,2786.02026562918,1040939794.66
1708171200,2796.45419937267,773847398.4
1708084800,2822.81098671756,1072450891.82
1707998400,2776.62664663666,1440577669.03
1707912000,2636.31614789828,1379011817.63
1707825600,2647.02805404251,1286800882.29
1707739200,2504.38624951406,1257399992.07
1707652800,2499.75351105362,849014584.66
1707566400,2492.11456760421,678015784.78
1707480000,2424.35667627699,1164666848.67
1707393600,2425.83941197403,1028154514.49
1707307200,2377.48713012845,897385818.07
1707220800,2294.0986716322,916507505.09
1707134400,2287.79068931173,806175661.78
1707048000,2298.23833915202,611445244.08
1706961600,2304.69179890941,508501606.9
1706875200,2300.00791293945,814629764.63
1706788800,2283.61933983939,911370840.66
1706702400,2356.61455710009,1169019022.82
1706616000,2312.70265568747,954177370.95
1706529600,2255.41306015128,845340900.03
1706443200,2267.78660568681,657241232.76
1706356800,2266.58329597954,483944008.64
1706270400,2218.51011991881,934525563.1
1706184000,2228.00143030744,1007303148.47
1706097600,2232.29557076506,867954503.17
1706011200,2315.48552956719,1593617567.12
1705924800,2460.85516756257,1345165082.14
1705838400,2469.01993722029,501492541.66
1705752000,2488.80102882842,551002933.16
1705665600,2466.06044653277,1183449754.15
1705579200,2525.19640895943,1028043749.07
1705492800,2594.58785722181,917157506.03
1705406400,2514.62280817099,994572338.08
1705320000,2492.65785192877,871631059.6
1705233600,2576.80396686333,883364583.45
1705147200,2519.26912288836,986170289.32
1705060800,2615.61107188099,2350403152.81
1704974400,2579.88790794418,1918178751.56
1704888000,2338.762676191,2799553404.16
1704801600,2334.08588409096,2151935564.69
1704715200,2219.8803752969,1620190403.71
1704628800,2239.25472246303,880762287.11
1704542400,2259.2584916873,749947310.84
1704456000,2272.96384022537,1346423211.18
1704369600,2209.95311800138,1489562570.94
1704283200,2357.52114327583,2546160103.49
1704196800,2349.22366879727,1475487869.42
1704110400,2280.61854328566,898905779.2
1704024000,2293.81363679688,895758551.3
1703937600,2298.21089319363,822914114.06
1703851200,2348.5604216877,1501421725.44
1703764800,2377.52212126296,1881939446.37
1703678400,2230.97569998283,1648333710.45
1703592000,2274.7914026,1201336242.53
1703505600,2266.15672453679,979111442.58
1703419200,2309.26818188099,1236829761.22
1703332800,2326.19477957654,1031031012.11
1703246400,2238.78350711834,1704632539.68
1703160000,2198.48319705954,1279540024.45
1703073600,2177.32497333215,1338113189.46
1702987200,2216.6783540961,1036605339.67
1702900800,2199.80745169125,1173570136.84
1702814400,2226.82262746144,847103564.97
1702728000,2219.04000030348,931558833.42
1702641600,2316.39068288581,40006893177.48
1702555200,2261.36536108187,38006138051.5
1702468800,2202.22373188067,1346018199.41
1702382400,2222.81133970105,1180487361.93
1702296000,2351.69599727711,1812198527.57
1702209600,2340.19509254369,722286186.52
1702123200,2359.65959744018,1359160839.59
1701345600,2028.99597126249,646014108.08
1701259200,2049.22169248627,802945734.99
1701172800,2026.6550721443,895551946.42
1701086400,2065.47099416696,943711840.95
1701000000,2084.44304494937,779888106.17
1700913600,2079.47817173088,498200919.86
1700827200,2062.57114010027,957206016.81
1700740800,2065.41368798219,803551437.36
1700654400,1939.5942393331,1331294215.69
1700568000,2023.61047304557,1525530342.06
1700481600,2010.32925174939,1258035540.73
1700395200,1962.6295416072,800419019.74
1700308800,1959.87567332749,791177455.53
1700222400,1960.32707541599,1325582341.23
1700136000,2058.1589902644,1737404912.29
1700049600,1980.73804753832,1307145287.47
1699963200,2057.40357964689,1542683019.26
1699185600,1857.6085325177,1024205164.7
1699099200,1832.82677580601,583219887.9
1698840000,1814.95852718792,1216213280.87
1698753600,1809.77288997589,811552686.58
1698667200,1796.13785207285,848774565.09
1698580800,1776.90486795367,482105218.95
1698494400,1780.31231029747,433015378.84
1698408000,1803.37912015955,847744163.59
1698321600,1786.44970762672,1331834191.75
1698235200,1783.91991138739,1145992962.66
1698148800,1764.63023045438,1915239693.05
1698062400,1673.73308735396,1578023428.24
1697976000,1628.7978460271,661108621.91
1697889600,1605.27339738943,585207874.38
1697803200,1567.09912204345,737699323.32
1697716800,1563.79455216693,453295843.95
1697630400,1564.83255328703,563305176.27
1697544000,1600.67030335794,513987418.44
1697457600,1557.42075977738,999415621.28
1697371200,1555.95808791947,287859023.12
1697284800,1551.32176939419,208123947.13
1697198400,1538.45620747574,436887710.26
1697112000,1562.20045095783,507163739.84
1697025600,1566.38777085392,534964357.91
1696939200,1579.72283343333,470945868.48
1696852800,1633.10812611453,661185484.19
1696766400,1635.23105244878,432326757.21
1696680000,1645.81598826486,264851891.95
1696593600,1612.75901585699,554898087.47
1696507200,1647.61145207809,511587126.68
1696420800,1656.71596422094,551529641.2
1696334400,1663.33605531482,503311614.17
1696248000,1732.16459909034,929679344.57
1696161600,1671.60741950587,545008813.66
1696075200,1667.49378928365,342669641.87
1695988800,1652.48834146176,546488120.46
1695902400,1597.50332144174,681192984.68
1695816000,1592.19683967364,519402591.21
1695729600,1588.48818074078,337019747.54
1695643200,1580.16524049988,471346630.67
1695384000,1584.58818456891,344633790.18
1694952000,1634.87452850417,288062725.44
1694865600,1642.65634141035,281077819.98
1694779200,1627.01796498678,446598387.08
1694692800,1607.13159888206,562400953.89
1694606400,1593.08657728642,595478026.02
1694520000,1550.50367580847,719261314.68
1694433600,1617.4747611377,849736224.76
1694347200,1635.06308683144,517271869.95
1694260800,1636.17859555499,183568784.87
1694174400,1647.11079673152,431046308.04
1694088000,1632.53469903553,501223792.44
1694001600,1632.7487708671,582839124.08
1693915200,1629.41970172551,483747898.16
1693828800,1636.31279312325,460147614.61
1693742400,1636.54247747573,342209164.94
1693656000,1629.01276024259,312246361.44
1693569600,1645.78942040672,691934745.78
1693483200,1705.34053473052,737928427.11
1693396800,1728.66207481679,544567826.19
1693310400,1651.96363298695,1179687603.51
1693224000,1657.04975490323,623670848.9
1693137600,1645.60120889885,313918339.16
1693051200,1652.44441471732,288806554.47
1692964800,1658.79617458518,664209212.91
1692878400,1678.73241085449,547649053.36
1692792000,1632.80770876881,791732368.59
1692705600,1668.06952033461,916880747.63
1692619200,1684.45958339758,533216138.16
1692532800,1669.51697687347,402767856.21
1692446400,1660.97860160041,427255301.14
1692360000,1685.01755143496,971406941.78
1692273600,1806.68703605031,1892577195.15
1692187200,1827.10737833871,644949077.12
1692100800,1844.02360049328,529234589.19
1692014400,1839.12521830901,442065813.02
1691928000,1848.25567760257,334627352.75
1691841600,1846.79024804314,254660334.1
1691755200,1850.69023848448,386088857.89
1691668800,1854.44369003918,431508736.77
1691582400,1856.14163030528,591701306.02
1691496000,1825.81563245876,745627330.75
1691409600,1828.63712830511,616053002.31
1691323200,1835.4842715862,356910225.64
1691236800,1827.11701560569,294041844.17
1691150400,1835.90400350616,534317051.75
1691064000,1838.89106735994,500981159.43
1690977600,1870.57983425608,655958475.13
1690891200,1856.08805960329,843650804.16
1690804800,1861.65387792102,765493223.36
1690718400,1881.10588214152,593744533.78
1690632000,1875.82796495012,290613773.54
1690545600,1859.5005954484,433461452.16
1690459200,1870.54947112685,564196422.72
1690372800,1858.37800689856,740527199.48
1690286400,1849.45909757517,480848859.92
1690200000,1887.35361129229,714743031.84
1690113600,1863.96888306968,501551546.09
1690027200,1892.90148536995,520635170.11
1689940800,1891.67706474523,601524245.58
1689854400,1890.42953818363,841174814.97
1689768000,1897.05645696627,723207918.98
1689681600,1911.569440205,797216698.75
1689595200,1922.80538699719,992471375.39
1689508800,1930.86184916036,532482896.95
1689422400,1937.01287311588,567615291.05
1689336000,2005.66897574001,1423726047.41
1689249600,1872.13654338101,1465867127.34
1689163200,1877.49404623831,790663423.25
1689076800,1879.50303375593,587040370.16
1688990400,1862.84575113189,755089551.11
1688904000,1863.56167869497,503905093.28
1688817600,1869.29642247303,444442474.42
1688731200,1851.62235959443,787849398.82
1688644800,1911.47638272552,1158525410.2
1688558400,1937.78785091623,790978244.21
1688472000,1954.51914558554,741503732.31
1688385600,1937.12566380959,1028066022.8
1688299200,1923.69985633765,770334344.61
1688212800,1933.57718943699,631349901.16
1688126400,1852.17803538397,1892217689.68
1688040000,1828.87552636055,798055719.64
1687953600,1890.36880794907,914265144.63
1687867200,1858.56076660372,1176983542.45
1687780800,1900.48435640034,1166353097.36
1687694400,1876.50553931922,889094882.15
1687608000,1892.105714255,635014805.15
1687521600,1873.72212293312,1181624169.55
1687435200,1891.05751015212,1173664937.31
1687348800,1791.68217776109,1698685364.22
1687262400,1735.78191568473,986681123.41
1687176000,1720.38175491449,743246504.81
1687089600,1727.82815466443,402466971.59
1687003200,1716.76925572945,554558053.11
1686916800,1665.35293417492,752861656.84
1686830400,1650.69788956182,892775319.02
1686744000,1738.19043235353,971089165.57
1686657600,1741.74515640453,809772884.28
1686571200,1752.44948538061,815190480.51
1686484800,1753.00267757687,583771801.75
1686398400,1839.21540506201,1727687710.25
1686312000,1846.68720665425,592727523.3
1686225600,1832.20537873275,630132769.78
1686139200,1883.52656506544,1104457572.7
1686052800,1811.31771377958,1167877060.42
1685966400,1890.39283580815,1305607307.22
1685880000,1891.26837927929,462662127.78
1685793600,1907.20326247811,498514004.78
1685707200,1861.09807524249,777063702.2
1685620800,1873.90789668718,767729783.81
1685534400,1900.9573180912,886469051.31
1685448000,1893.12690920136,832861210.82
1685361600,1909.85471363962,866135721.74
1685275200,1830.85923646594,946450823.23
1685188800,1829.74628788535,443638158.53
1685102400,1806.93667283481,742623872.11
1685016000,1801.66974293241,816391245.55
1684929600,1853.03677715705,971279928.05
1684843200,1818.34244226458,993205597.39
1684756800,1804.78554957539,801019237.42
1684670400,1819.69951823809,571037383.53
1684584000,1813.17619567244,450671229.36
1684497600,1802.88387692059,684398267.28
1684411200,1822.81781424271,807788456
1684324800,1824.33305996537,882566213.39
1684238400,1818.67470117211,817149160.37
1684152000,1799.69485490487,939153664.07
1684065600,1797.31161627229,642555554.75
1683979200,1807.5960125842,785819073.02
1683892800,1796.67977479175,1477423471.48
1683806400,1841.67195762299,1592899268.28
1683720000,1849.0492743573,1628112686.74
1683633600,1847.93320966998,1138988366.99
1683547200,1880.3827419472,2016194882.36
1683460800,1899.85964903677,1214381477.16
1683374400,1993.71923022203,2044302148.64
1683288000,1876.52835534668,2202030197.13
1683201600,1903.70672912256,1130241620.82
1683115200,1871.01601133728,1310248862.16
1683028800,1830.68106875945,1229382674.91
1682942400,1879.37303619104,1300882523.62
1682856000,1906.5893894612,977875584.6
1682769600,1893.76132525963,519848694.82
1682683200,1908.4970535011,851211748.79
1682596800,1865.71435528858,1661990951.68
1682510400,1867.667979213,1796876263.07
1682424000,1841.47325782794,1011464866.67
1682337600,1861.50021938838,1031727716.26
1682251200,1875.62046938891,766807992.37
1682164800,1849.18678845453,709071840.95
1682078400,1942.54882304728,1641046989.8
1681992000,1939.10443834419,1591074731.38
1681905600,2104.02229235924,1880650027.87
1681819200,2075.98290402366,1264014828.06
1681732800,2119.09363392885,1169465993.71
1681646400,2092.96280368484,1040668270.63
1681560000,2102.74078472762,1071448430.25
1681473600,2012.23390429323,2216675984.79
1681387200,1918.76473973236,1385442733.23
1681300800,1892.28939411905,1227714605.87
1681214400,1910.07858221767,1000019817.64
1681128000,1859.77550036381,803968128.89
1681041600,1850.10526191804,681285627.04
1680955200,1865.79080148664,479899510.87
1680868800,1872.43162317803,621396762.92
1680782400,1909.05575405738,943527182.19
1680696000,1870.28586525341,1272815433.52
1680609600,1809.78450738383,1251110451.59
1680523200,1794.82193723392,1444842962.09
1680436800,1821.27115026195,876465982.83
1680350400,1823.37905453494,731670913.94
1680264000,1792.19595254115,1147843721.09
1680177600,1793.52135236566,1485244227.01
1680091200,1773.33298724044,1139660580.18
1680004800,1715.3201006645,1180584252.22
1679918400,1775.7096811967,1335980361.57
1679832000,1742.38233485426,932789193.72
1679745600,1751.42021347862,906459802.03
1679659200,1816.07944280763,1916854202.28
1679572800,1736.60704011181,1940463783.01
1679486400,1806.013809465,1991715982.03
1679400000,1734.16783872462,1569514250.02
1679313600,1785.9668370576,1880994570.34
1679227200,1760.99825277869,1552448849.87
1679140800,1791.07651856405,1961338636.05
1679054400,1678.11438964697,2189657575.1
1678968000,1655.2170430199,1527772738.93
1678881600,1705.12524337114,2594203340.92
1678795200,1678.63090878669,3370971150.5
1678708800,1590.31743030094,3290241803.4
1678622400,1489.48939367815,2551466686.02
1678536000,1434.75506638078,8501739423.72
1678449600,1438.44652002155,2747088246.03
1678363200,1533.11750367852,1430100448.67
1678276800,1561.56953766436,1080017537.92
1678190400,1566.72991604815,1189170868.3
1678104000,1564.72300290388,808247152.23
1678017600,1565.77485539155,860198543.73
1677931200,1567.87880207463,633407720.83
1677844800,1647.42890818837,1437448453.63
1677758400,1664.36735510448,1206227509.26
1677672000,1604.85652972046,1387711972.51
1677585600,1634.15614340563,1074480819.32
1677499200,1640.45372977957,1157821975.96
1677412800,1595.10691304118,817832335.41
1677326400,1607.73191082464,854470326.5
1677240000,1650.49705961239,1525394960.87
1677153600,1643.81936962598,1461070249.43
1677067200,1657.09349419962,1622348532.76
1676980800,1701.6974599003,1700797853.67
1676894400,1680.58356578989,1221098501.86
1676808000,1693.13080499525,1238481725.54
1676721600,1694.76310158282,961818156.82
1676635200,1641.20001351268,1858362621.25
1676548800,1674.67759244353,2286389352.3
1676462400,1557.16164599903,1547710193.08
1676376000,1507.39864888938,1618857899.51
1676289600,1515.33405538918,1476949890.73
1676203200,1538.8236986063,873054303.59
1676116800,1514.52053912562,787576222.66
1676030400,1544.70917758759,1459405827.22
1675944000,1650.66917162578,7879216609.43
1675857600,1672.38745079747,1326717707.1
1675771200,1615.45729804252,1439025646.94
1675684800,1629.69995320144,1112632089.17
1675598400,1666.19251981874,1164139052.14
1675512000,1664.63357401016,973307748.74
1675425600,1642.3443042007,1361668032.78
1675339200,1641.45747716783,1796366400.87
1675252800,1585.47921101535,1410607697.28
1675166400,1566.58682362351,844465438.95
1675080000,1645.94639040414,1199411842.63
1674993600,1573.07385059972,1044193383.87
1674907200,1597.93506869645,770652056.97
1674820800,1601.74202915246,1177779249.8
1674734400,1612.60161684196,1187260255.42
1674648000,1555.21324616413,1583844882.56
1674561600,1626.97974981867,1191366108.16
1674475200,1627.60605621172,1140659731.23
1674388800,1626.03585901521,1028024561.8
1674302400,1660.4096238267,1295802797.15
1674216000,1552.53986789055,975310035.28
1674129600,1513.40653717416,834997349.12
1674043200,1565.78636660322,1827800685.57
1673956800,1575.66117292797,1027829170.43
1673870400,1551.79535327783,1270306696.18
1673784000,1550.82828921853,1059452157.02
1673697600,1451.02093357966,1811581279.35
1673611200,1417.09949368385,1155396580.22
1673524800,1387.62052367151,1442271910.89
1673438400,1335.55118958827,676946249.37
1673352000,1321.2342370377,559370834.3
1673265600,1286.92560937756,968803255.64
1673179200,1263.63073887501,473847770.36
1673092800,1269.51761377794,216146047.69
1673006400,1250.01954782418,508170069.82
1672920000,1255.80841103462,342229298.62
1672833600,1214.23569869102,736136491.76
1672747200,1213.62545109387,309902376.41
1672660800,1199.84682870829,374799582.99
1672574400,1195.79112982292,266383514.48
1672488000,1199.21051770996,328308588.15
1672401600,1200.58340762519,320975719.75
1672315200,1189.78461610424,379822745.4
1672228800,1211.80580885184,549034464.73
1672142400,1227.40364863345,492852696.18
1672056000,1218.39428306803,247905410.63
1671969600,1220.35225453933,332561292.64
1671883200,1219.53144346784,151977743.66
1671796800,1216.8859540116,438547819.01
1671710400,1213.4854171978,491522645.58
1671624000,1217.02712773566,351673123.6
1671537600,1166.66254855342,661310740.34
1671451200,1182.99167448713,584978079.32
1671364800,1187.30225034939,362493090.44
1671278400,1167.21843782053,632479778.11
1671192000,1265.63288076852,1208480298.75
1671105600,1308.38185038454,631011027.69
1671019200,1321.01985432499,841260374.78
1670932800,1275.25598932856,1106244298.51
1670846400,1262.47254955372,554412647.96
1670760000,1266.06393398481,354217523.74
1670673600,1262.53780077678,319415092.87
1670587200,1281.03292395656,519669645.36
1670500800,1232.03847173648,647426668.13
1670414400,1271.51358397395,576857235.26
1670328000,1259.53977500778,612270525.5
1670241600,1280.63080721928,668680432.21
1670155200,1242.15496165772,437790512.66
1670068800,1294.34032161714,456916806.02
1669982400,1276.18659889616,602673726.57
1669896000,1294.59209728913,651078528.28
1669809600,1216.32907816826,1123588634.38
1669723200,1168.28317427628,623166359.64
1669636800,1193.22296910902,714906002.38
1669550400,1204.93909063056,467586979.33
1669464000,1198.16741894466,626474727.93
1669377600,1203.85234670279,712304710.32
1669291200,1184.25783553654,769588007.22
1669204800,1135.53250352783,942016797.44
1669118400,1107.63489770938,1300777416.68
1669032000,1141.76141698902,1426415076.49
1668945600,1218.56767173938,838670556.81
1668859200,1211.31984793087,416019222.61
1668772800,1199.89695972215,574785322.53
1668686400,1214.73595496048,851688228.01
1668600000,1251.67943079925,1106454204.16
1668513600,1240.72966466954,899264372.95
1668427200,1220.96154185185,1282136930.14
1668340800,1254.90934275866,471141008.67
1668254400,1285.82363756519,629152708.29
1668168000,1297.57041994932,793334182.99
1668081600,1099.69145614432,1260522407.45
1667995200,1333.02024900771,1422371037.14
1667908800,1567.21291607863,1289905470.89
1667822400,1571.79349364198,378175895.61
1667736000,1627.60746899548,273662570.41
1667649600,1644.79670235534,324215884.29
1667563200,1529.99936339885,490678319.52
1667476800,1519.25366453991,265343630.21
1667390400,1579.104865143,497663192.9
1667304000,1573.14758486926,319972386.57
1667217600,1591.26308576133,409536520.18
1667131200,1619.22776518065,320921294.5
1667044800,1554.62826778485,417835249.5
1666958400,1513.75301704599,450893926.85
1666872000,1565.46879042626,466533820.46
1666785600,1460.21489762794,478899831.72
1666699200,1344.27966869617,456565478.51
1666612800,1362.72366037369,219972084.31
1666526400,1314.27857415616,182644030.97
1666440000,1299.68678089232,149309149.68
1666353600,1282.25612432466,217963281.58
1666267200,1285.11652926083,179840600.23
1666180800,1310.52208543397,192196663.19
1666094400,1331.00286935111,226858780.95
1666008000,1305.66233616395,260520357.25
1665921600,1274.26721734184,181863665.66
1665835200,1297.82604020612,123488202.64
1665748800,1288.79790049367,216518117.67
1665662400,1293.65996615719,312956524.81
1665576000,1278.89790425737,131339719.71
1665489600,1290.61106558684,174967206.4
1665403200,1322.17844213892,194529870.54
1665316800,1315.2877104498,149240870.2
1665230400,1331.63128601445,114063864.5
1665144000,1351.45384398132,182350638.24
1665057600,1352.83689921731,231190394.68
1664971200,1361.45052575091,255336225.73
1664884800,1324.80042992817,237815821.33
1664798400,1275.86637836183,169577767.16
1664712000,1311.51887165296,161020048.06
1664625600,1328.12401934785,118661732.12
1664539200,1335.85918070751,242539622.53
1664452800,1336.51660531807,256779029.76
1664366400,1329.96561531774,323239194.53
1664280000,1335.50977773424,349577305.71
1664193600,1293.71962431626,214585049.3
1664107200,1318.66797203367,439740767.77
1664020800,1326.75663140836,518277598.05
1663934400,1328.62005001165,907423541.31
1663848000,1252.18203303199,886068616.87
1663761600,1324.60280301522,1141920552.73
1663675200,1376.69416178532,767970539.51
1663588800,1336.82826041632,894273887.49
1663502400,1467.6224006574,459541307.11
1663416000,1432.14996498548,440514830.64
1663329600,1472.65455685502,846894764.13
1663243200,1633.06152573209,1364698955.69
1663156800,1575.27355002161,968693747.36
1663070400,1714.93341028563,1453970588.61
1662984000,1757.91299439397,987214385.76
1662897600,1774.92969380366,637163652.79
1662811200,1717.17651937393,719257118.98
1662724800,1637.97368502608,1024941458.69
1662638400,1629.45726574404,882959933.73
1662552000,1567.67399678979,1184034492.78
1662465600,1614.96331250246,1238527437.04
1662379200,1573.99383578436,761327621.05
1662292800,1555.36869319482,479312119.48
1662206400,1574.88352957537,841645792.17
1662120000,1584.51492924713,1152157359.06
1662033600,1554.53616944624,1146468084.59
1661947200,1526.02266970396,1474189639.37
1661860800,1550.1363613641,1305972857.44
1661774400,1431.97031347223,1001928410.89
1661688000,1487.61019506668,817073722.6
1661601600,1507.29239295873,939613965.87
1661515200,1697.93958801881,1467271561.26
1661428800,1660.7376857345,788593809.27
1661342400,1661.20384446619,999125624.17
1661256000,1618.53357070259,1494804279.11
1661169600,1618.05493365839,1133413765.12
1661083200,1575.47077541532,1050163426.28
1660996800,1614.31064852323,1200332285.64
1660910400,1850.6617426167,1618948011.91
1660824000,1836.5555924211,874255731.59
1660737600,1876.74712770813,1322873520.19
1660651200,1900.43864353367,1033864350.23
1660564800,1935.90145597596,1326417272.12
1660478400,1984.11256771631,875182340.69
1660392000,1953.86274864412,863327725.93
1660305600,1882.59775131267,920818444.39
1660219200,1855.73131101223,1431117266.28
1660132800,1703.45827059622,6701843159.96
1660046400,1774.48033225712,1045700583.7
1659960000,1697.21452893399,1133746427.83
1659873600,1695.30005658607,593899325.84
1659787200,1730.21556996549,639352965.52
1659700800,1607.47426186353,1172168294.93
1659614400,1617.64086493534,961672623.24
1659528000,1638.33763648561,1030284963.09
1659441600,1633.07192650376,1455006650.55
1659355200,1684.67879923278,1057953647.62
1659268800,1692.85249831395,829414689.75
1659182400,1728.69399106764,971775955.14
1659096000,1725.01428942067,1510033783.17
1659009600,1638.52487589434,1785748654.32
1658923200,1437.7906879815,1449957118.02
1658836800,1447.10517793319,1095512041.75
1658750400,1603.80093520148,1283041610.54
1658664000,1550.72843448715,964614980.26
1658577600,1535.31825997972,927232857.44
1658491200,1576.38605135168,1051177717.63
1658404800,1522.71935230359,1239530744.57
1658318400,1540.57007040578,1526829687.94
1658232000,1564.83878166704,1859869204.63
1658145600,1342.93367291283,1658282338.28
1658059200,1353.43521209391,1164837399.29
1657972800,1233.47509627631,1219284446.27
1657886400,1192.49699589867,1299021060.44
1657800000,1112.6270647908,983830129.55
1657713600,1038.48043961887,1141604339.75
1657627200,1098.50216062919,757903740.83
1657540800,1166.44498232528,805819666.48
1657454400,1217.28550291927,579918046.58
1657368000,1227.70065166592,571107597.22
1657281600,1238.66629831126,1135296083.27
1657195200,1188.77360438951,857592238.03
1657108800,1133.37053118964,1093508546.83
1657022400,1152.02963054888,1019563726.92
1656936000,1073.6367911693,810990640.05
1656849600,1067.59528454496,535408107.78
1656763200,1060.63085772071,595933681.01
1656676800,1069.4632325209,1267464998.07
1656590400,1095.70692116036,1145073165.8
1656504000,1141.66839884093,1009243944.11
1656417600,1193.73201460517,858874039.23
1656331200,1200.6454769759,614354864.85
1656244800,1242.18785985214,695349747.88
1656158400,1228.87332462578,717270142.27
1656072000,1144.85822582891,1151274942.79
1655985600,1052.4912967781,1113381150.37
1655899200,1123.47789662979,1110737774.27
1655812800,1131.02003592391,1296265373.04
1655726400,1124.74660456532,1559933286.12
1655640000,993.096902937911,1818031515.35
1655553600,1086.12454909758,1872852884.07
1655467200,1065.25121712849,1252027259.05
1655380800,1228.4494903207,1686260946.93
1655294400,1211.37146040583,3098191280.35
1655208000,1201.20289612062,2690342851.92
1655121600,1445.54440463433,3876540023.15
1655035200,1527.22639215593,1750661591.85
1654948800,1659.79217995203,1563926636.93
1654862400,1786.49005707882,1401115847.81
1654776000,1795.57690827776,741045213.11
1654689600,1815.43239937175,1282449677.67
1654603200,1857.46500341777,1539045142.42
1654516800,1806.75230223764,1069247495.04
1654430400,1798.86232188629,613371136.74
1654344000,1774.45510000635,610005413.59
1654257600,1837.36076624861,964552921.85
1654171200,1826.14664165897,1095891119.91
1654084800,1945.6556546532,1405732560.27
1653998400,1993.30585942961,1193677336.42
1653912000,1812.64730692667,1610067005.12
1653825600,1795.6845433886,623307237.61
1653739200,1759.42890687397,1076723150.54
1653652800,1802.848008366,1837879161.57
1653566400,1945.31749639874,2265993863.32
1653480000,1980.08926029753,1198214852.79
1653393600,1970.6239422616,1038374599.05
1653307200,2048.17778919837,1381166119.24
1653220800,1975.24932990354,813341481.39
1653134400,1963.16420703054,713117824.45
1653048000,2020.84718832244,1347633193.4
1652961600,1917.08830664619,1759856091.48
1652875200,2093.58864702487,1495042350.27
1652788800,2025.92025582574,1274084150.96
1652702400,2143.75630738946,2014086152.3
1652616000,2059.0178056735,1263054426.31
1652529600,2009.45803860247,1545051236.88
1652443200,1967.11818667444,2720506523.72
1652356800,2072.58059196322,5472567823.66
1652270400,2340.93849955622,5329519979.07
1652184000,2250.19225459051,3326367531.93
1652097600,2515.39155866762,3550976795.61
1652011200,2640.28581601724,1971881338.79
1651924800,2696.40915357647,1132169413.23
1651838400,2744.03069414438,607492600275.34
1651752000,2934.92811209661,1861417780.04
1651665600,2783.42319082785,1794876937.99
1651579200,2860.47230670415,1402602986.13
1651492800,2828.32157982873,1646558169.62
1651406400,2726.67991646332,1760269702.65
1651320000,2813.21554546667,1922681800.93
1651233600,2932.59924442527,1899332350.03
1651147200,2888.4571840482,1838989402.79
1651060800,2801.66006313364,1359287871.86
1650974400,3011.28663027242,1610314865.32
1650888000,2924.34972307066,1705290801.14
1650801600,2935.37038341834,778389564.75
1650715200,2961.74313765969,766695546.21
1650628800,2983.32854412648,1317060542.4
1650542400,3077.41304535517,1581432180.47
1650456000,3102.24348817752,1681813212.78
1650369600,3056.94699779868,1257702761.62
1650283200,2991.57752752023,1524656220.27
1650196800,3064.75238609502,1189451791.87
1650110400,3036.15060834615,644914609.42
1650024000,3020.78326204088,1069108002.94
1649937600,3117.87732104288,1455027557.27
1649851200,3025.88870857424,1670368652.42
1649764800,2984.58497593335,2148881428.42
1649678400,3220.72283491561,2757921437.64
1649592000,3258.18542426089,1025990451.48
1649505600,3182.20330721416,1102557032.95
1649419200,3235.26063494071,2032834832.74
1649332800,3170.59999766864,1869451086.49
1649246400,3416.33493416321,2858108357.08
1649160000,3523.30717856273,1726967805.06
1649073600,3523.19972365308,1802242217.89
1648987200,3446.97255547004,1546602381.43
1648900800,3441.9039036126,1914809907.83
1648814400,3277.52436373676,2060548395.14
1648728000,3385.26860387418,1907859598.38
1648641600,3394.89500579563,1842307675.45
1648555200,3326.61499648601,2134999893.02
1648468800,3287.88883341962,2046069698.65
1648382400,3139.93076325164,1337284519.8
1648296000,3101.72373686417,996176733.21
1648209600,3109.93836309944,1817298725.63
1648123200,3026.05814875359,1955399812.4
1648036800,2967.99182847352,1402239398.47
1647950400,2897.00806303376,1617232092.86
1647864000,2859.91695681281,1373364451.6
1647777600,2945.10204273671,1372858952.5
1647691200,2945.18763746345,1338086079.33
1647604800,2815.49308491818,2221154192.97
1647518400,2769.91047653291,1769901101.89
1647432000,2621.07728536044,1857194560.86
1647345600,2587.41169946944,1220502585.83
1647259200,2514.46960752176,1171394792.12
1647172800,2580.26908620666,933838820.36
1647086400,2563.11312619656,620260890.05
1647000000,2610.39681387055,1333953359.6
1646913600,2726.53537064416,1324639232.75
1646827200,2577.30263469698,1536749320.67
1646740800,2491.63787249773,1690462009.86
1646654400,2554.70978573887,1692033801.7
1646568000,2662.31428548462,1149211403.25
1646481600,2616.30497074195,929849217.33
1646395200,2838.9372673272,1880279019.8
1646308800,2954.12548626922,1415856745.59
1646222400,2970.17635642695,2144558641.49
1646136000,2911.66473697759,2094955592.65
1646049600,2619.2383241494,2186413970.99
1645963200,2775.28062440371,2143737527.18
1645876800,2760.27713534631,1381849960.86
1645790400,2594.66496249837,2243312246.82
1645704000,2590.68454132989,3820331940.66
1645617600,2644.61477531514,1622838167.35
1645531200,2568.19237415285,1985367711.88
1645444800,2632.85834010066,2501824753.82
1645358400,2757.12063607363,1797435314.51
1645272000,2781.38918476929,1128147308.15
1645185600,2885.01274994,1864479037.55
1645099200,3131.48610931623,2259317171.1
1645012800,3180.97838226079,1857660984.89
1644926400,2933.36454385051,1858585376.98
1644840000,2882.02240400682,1483895984.76
1644753600,2911.91882293893,1156710834.3
1644667200,2925.60637538392,1645264716.61
1644580800,3069.3800862966,2583353856.87
1644494400,3241.22364274524,2596472886.29
1644408000,3121.67057699977,1832092113.25
1644321600,3146.68912437824,1961199907.96
1644235200,3060.24697629632,1892854979.88
1644148800,3017.19822725649,1401763956.61
1644062400,2979.23302133941,1649508969.27
1643976000,2664.2717428005,1867427153.17
1643889600,2676.27417878114,1670995964.58
1643803200,2790.75992365215,1841426321.39
1643716800,2685.57540668709,1887559908.3
1643630400,2609.11184710362,1592076199.55
1643544000,2589.92934236404,1324579387.38
1643457600,2545.45437447645,1390345856.73
1643371200,2423.47274299985,1901444582.56
1643284800,2470.9943921715,2469348390.26
1643198400,2461.10365146845,3017976505.83
1643112000,2441.13717346295,2087072504.59
1643025600,2535.74291953711,3764919490.32
1642939200,2398.42364953427,2647260091.61
1642852800,2551.17251717569,3688605316.4
1642766400,2997.61796642767,5223855785.11
1642680000,3096.39538696247,2288065230.46
1642593600,3166.45921490095,1954337302.63
1642507200,3206.22950413136,2150880535.56
1642420800,3350.67071591906,2182801098.58
1642334400,3336.42072176485,1483939946.05
1642248000,3307.06919336221,1350287293
1642161600,3254.44006054478,1930854444.54
1642075200,3378.89565461827,2310029386.6
1641988800,3239.48627818953,2189687131.51
1641902400,3077.68397000996,2009993262.55
1641816000,3147.29657511792,2879887589.26
1641729600,3094.10578130278,1468129470.03
1641643200,3187.40163106702,2358493939.7
1641556800,3413.92102393466,3150611370.06
1641470400,3549.1952659351,2574053922.87
1641384000,3788.23188528948,2979161885.76
1641297600,3761.70288449252,2029455528.63
1641211200,3830.10076629021,1770420885.44
1641124800,3760.83218954461,1409895079.06
1641038400,3679.63698558549,1467523421.77
1640952000,3730.5047831478,1803506015.85
1640865600,3651.36453517852,1726476832.38
1640779200,3809.22205564328,1932561433.02
1640692800,4054.55645321045,2649140496.78
1640606400,4064.08591912525,1636722688.43
1640520000,4107.21384826685,1537849936.65
1640433600,4061.37136006303,1881586054.51
1640347200,4098.0790576704,1843940428.27
1640260800,3981.48865777622,2423476286.07
1640174400,4005.12405077217,1794307023.78
1640088000,3918.0817875086,2004838986.41
1640001600,3934.08982702382,2539262009.05
1639915200,3954.75020552717,2020416803.76
1639828800,3885.46904864489,2209073710.33
1639742400,3983.75056698066,3021521703.27
1639656000,4032.62332739,2370599430.54
1639569600,3842.06007245618,3682892870.73
1639483200,3770.6679083648,2546825919.61
1639396800,4123.76176160251,2968730168.92
1639310400,4059.4973640786,1748195246.34
1639224000,3944.29559241075,2551739669.43
1639137600,4155.79303044676,3814777034.21
1639051200,4400.79506542492,3440859919.99
1638964800,4315.93316057547,2532207799.81
1638878400,4301.46083236876,2654912000.12
1638792000,4150.0282543932,4661477861.53
1638705600,4079.37195489336,3651664064.26
1638619200,4223.28485276392,6045996157.06
1638532800,4523.39531217515,3824766482.24
1638446400,4584.65389523443,3272219231.44
1638360000,4628.152165608,3096487737.44
1638273600,4415.80839390524,4107562238.1
1638187200,4267.32288223405,2630259142
1638100800,4086.93656646787,2720327189.04
1638014400,4056.72600434083,2275589236.35
1637928000,4500.00433852104,4641851445.07
1637841600,4257.167472603,3318048449.19
1637755200,4338.38582761833,3483666423.87
1637668800,4090.80736763617,3311831626.96
1637582400,4298.05854334674,3293309009.85
1637496000,4377.62548767867,2277890202.73
1637409600,4262.37578317462,2161387643.41
1637323200,3983.56143647896,2702437669.07
1637236800,4252.41381160109,3995993501.95
1637150400,4239.94266138837,3107650225.97
1637064000,4583.28201823565,4094306078.45
1636977600,4612.94020565648,2550980851.77
1636891200,4692.37232944467,2142108529.85
1636804800,4655.96118430153,1253430344.96
1636718400,4739.79935666618,3227870515.35
1636632000,4614.98407676297,4876461685.05
1636545600,4776.89294433697,7097913512.53
1636459200,4812.45715601794,4007830049.24
1636372800,4659.80073221269,4251739631.19
1636286400,4527.94578975286,2916836177.68
1636200000,4495.81517701889,2976845766.8
1636113600,4542.20351266361,3120292049.04
1636027200,4636.14730176009,4045810907.32
1635940800,4634.28834397653,4574267330.97
1635854400,4344.54761860946,4368042427.58
1635768000,4328.86456206431,3749651475.91
1635681600,4331.6668820981,3609462853.98
1635595200,4439.92777522958,3740085894.04
1635508800,4313.03407092434,4534274882.75
1635422400,3941.37939807927,5875111918.96
1635336000,4158.72534381538,4921011793.97
1635249600,4258.92887815895,3153713997.54
1635163200,4097.29251269879,2109963862.56
1635076800,4194.16162945765,2306072078.84
1634990400,3988.72112787005,2032643810
1634904000,4065.33082267628,2478860211.64
1634817600,4156.96289643123,3480288053.87
1634731200,3869.43502751829,2495807263.6
1634644800,3752.54157491906,2291478920.86
1634558400,3833.50274908496,2078038310.01
1634472000,3846.68914670313,1884384583.23
1634385600,3875.97371448526,1963151669.34
1634299200,3805.97984272142,2989132284.36
1634212800,3591.91012435111,2254438385.46
1634126400,3498.59448582206,1994677804.74
1634040000,3546.06956403042,2173053372.25
1633953600,3439.37085826467,2148889280.54
1633867200,3590.2016344988,1735642633.42
1633780800,3566.31903678679,1239599157
1633694400,3614.14742862568,1764849243.93
1633608000,3580.95734629374,2525504343.48
1633521600,3518.77543441826,2385080686.94
1633435200,3392.99077398742,1748003973.36
1633348800,3421.36705089462,1798525643.49
1633262400,3395.43499750542,1343071746.1
1633176000,3300.99329553508,1411608025.5
1633089600,3005.21435533714,1863781571.38
1633003200,2846.08706000493,1658279112.02
1632916800,2811.20670539876,1446143343.67
1632830400,2948.86973736601,1635323652.07
1632744000,3052.92724690071,1759531131
1632657600,2935.32812914783,2343267016.99
1632571200,2922.69796103646,1647359695.18
1632484800,3151.57223323481,2264808981.7
1632398400,3065.7235319141,1631665321.62
1632312000,2753.2454620492,2247672270.29
1632225600,2972.08086077472,2992238573.64
1632139200,3322.70330860868,3078910145.02
1632052800,3427.79983619295,1265600134.76
1631966400,3402.28838727771,1347637114.96
1631880000,3571.77942850344,1874509842.39
1631793600,3595.33815160273,2124108709.34
1631707200,3399.43416131668,1690609175.22
1631620800,3284.16218730808,1586530123.38
1631534400,3400.91894731,2042543101.69
1631448000,3266.99150012,1416136801.51
1631361600,3214.86762918,1517970557.82
1631275200,3432.82095528,2187803768.74
1631188800,3470.44388967,2031507482.23
1631102400,3433.93322952,3190833565.01
1631016000,3942.19886132,4137659509.84
1630929600,3951.15084207,1951437460.47
1630843200,3883.22316614,1695899564.98
1630756800,3934.21620304,1797493975.01
1630670400,3790.83092477,2407766109.08
1630584000,3794.92562811,2145074629.72
1630497600,3427.74593707,2652615666.23
1630411200,3228.56697763,2309911239.03
1630324800,3242.67877457,2011583444.1
1630238400,3248.84544661,1421919944.91
1630152000,3264.58681143,1016953204.07
1630065600,3107.09741027,1581202139.79
1629979200,3216.94224375,1862204611.76
1629892800,3171.35477538,1846723827.26
1629806400,3330.20780785,2037947347.53
1629720000,3239.21137356,1819029209
1629633600,3232.63346857,1400903824.81
1629547200,3276.69992694,1426210240.47
1629460800,3166.04950841,1813940321.44
1629374400,3055.5809672,1975390683.85
1629288000,3016.6798238,2380266378.29
1629201600,3159.83087547,2711713631.59
1629115200,3299.15826913,1875021091.25
1629028800,3267.09060116,1553761837.97
1628942400,3317.06519758,1297025965.05
1628856000,3048.91889547,1659266507.68
1628769600,3163.69209304,2044917342.34
1628683200,3143.92571787,1824139546.17
1628596800,3155.49143189,1999051076.39
1628510400,3013.57029599,2790963899.58
1628424000,3149.85656922,2030580666.71
1628337600,2892.12317992,2408982907.44
1628251200,2823.65730935,1785299730.52
1628164800,2727.54775237,2351892613.14
1628078400,2511.04300915,2025008118.17
1627992000,2614.41928425,1771923472.53
1627905600,2575.41277188,1554722902.32
1627819200,2532.67938643,1648745628.91
1627732800,2462.26520691,1179017604.63
1627646400,2371.80158414,1605542861.87
1627560000,2300.83791708,1197407457.48
1627473600,2287.04655876,1669393603.25
1627387200,2238.93951226,1756396887.03
1627300800,2186.11786593,2670530636.82
1627214400,2179.8307788,946755398.03
1627128000,2119.23635941,1052955613.1
1627041600,2022.57508676,1114018949.24
1626955200,1988.65708487,1287141225.05
1626868800,1788.25001397,1463950547.9
1626782400,1822.83373466,1164459063.28
1626696000,1904.47434691,848817517
1626609600,1901.3520933,847641107.98
1626523200,1884.35464428,867659822.71
1626436800,1917.37095816,1000322444.49
1626350400,1994.68667409,1285630493.89
1626264000,1943.8681612,1231463596.85
1626177600,2042.87930736,1096804776.68
1626091200,2164.15506919,849326791.7
1626004800,2125.54620493,641623409.51
1625918400,2152.29054579,991736886.29
1625832000,2122.28062262,1085600247.88
1625745600,2317.85344326,1350084422.41
1625659200,2321.38274194,1116584724.04
1625572800,2208.78147056,1590299861.09
1625486400,2323.43845764,1113891625.44
1625400000,2221.07427707,916775862.76
1625313600,2146.89602001,806255506.01
1625227200,2115.74400834,931483858.12
1625140800,2270.23368505,1204574641.25
1625054400,2168.12791771,1363356456.2
1624968000,2077.19575201,1224544507.04
1624881600,1972.18401893,1340035314.25
1624795200,1815.1475879,1030387531.48
1624708800,1821.2682279,1112430005.65
1624622400,1984.45007931,1254018548.61
1624536000,1967.20510188,952417242.07
1624449600,1872.78161541,1515374736.68
1624363200,1895.12139339,2317827045.61
1624276800,2243.05363093,2383568506.36
1624190400,2179.32471953,612312723.14
1624104000,2232.83673369,458410482.94
1624017600,2377.36971196,680926982.67
1623931200,2362.85700747,619121479.88
1623844800,2554.74856477,733039381.39
1623758400,2593.47245122,560373949.77
1623672000,2503.68663002,530472911.51
1623585600,2377.29335507,560377651.95
1623499200,2351.82244159,655845336.95
1623412800,2481.53274042,811235736.36
1623326400,2606.71331293,670788483.88
1623240000,2519.90589877,853014488.11
1623153600,2595.95470411,1123987211.57
1623067200,2708.6781209,781128175.22
1622980800,2629.23079403,440284967.25
1622894400,2698.86096098,731258951.41
1622808000,2852.46958902,1390457836.8
1622721600,2714.37388158,1048641373.88
1622635200,2631.39739415,771425104.84
1622548800,2706.2075222,850321107.78
1622462400,2394.43797728,1027846693.89
1622376000,2287.27277059,931724546.98
1622289600,2434.59594855,1193506126.99
1622203200,2742.73676452,1425290893.59
1622116800,2875.64220822,1248123786.4
1622030400,2694.00068666,1960558522.18
1621944000,2636.50729207,1866047689.86
1621857600,2114.04731058,2349049710.01
1621771200,2304.26780554,3813590356.16
1621684800,2415.93254611,1804050177.36
1621598400,2779.67177499,2803189895.16
1621512000,2492.5879663,3610129471.89
1621425600,3387.46753962,5966044682.16
1621339200,3280.63300905,2150599753.09
1621252800,3572.82034992,2488547574.2
1621166400,3637.82343206,2259740068.39
1621080000,4106.19148658,1842705533.48
1620993600,3719.97203834,2179357397.73
1620907200,3870.7246083,3222917486.6
1620820800,4166.99350683,3706264544.66
1620734400,4003.30989074,2845683311.55
1620648000,3872.73648901,3785417117.33
1620561600,3991.25119003,2402922163.56
1620475200,3485.01030316,3369711065.09
1620388800,3503.01362647,1424385471.11
1620302400,3519.48371516,1507811077.67
1620216000,3238.69981738,1907488358.27
1620129600,3429.15060913,2501973514.7
1620043200,2905.00852796,2341258399.23
1619956800,2947.97697664,1892553947.67
1619870400,2774.42563765,1275476050.54
1619784000,2758.32963619,1229131414.33
1619697600,2745.06985724,1294579878.05
1619611200,2645.93710522,1531241215.4
1619524800,2527.05197274,1429182757.02
1619438400,2301.55968369,1441117580.31
1619352000,2216.847501,1119790464.28
1619265600,2361.44520098,1120381219.96
1619179200,2412.46374986,2398130266.12
1619092800,2373.32928775,2233770748.73
1619006400,2319.67261611,1721432569.48
1618920000,2173.87056924,2224768363.81
1618833600,2233.39803722,1563889110.38
1618747200,2365.63616133,2396520088.67
1618660800,2437.18371401,1406799915.1
1618574400,2512.76541203,1563905372.8
1618488000,2431.47640946,1431906534.59
1618401600,2290.91893918,1636634934.02
1618315200,2140.76621238,1341192818.42
1618228800,2152.35250664,1196011728.11
1618142400,2134.23733354,964698429.04
1618056000,2076.48214345,1095813868.55
1617969600,2080.76196133,1086086700.82
1617883200,1987.23937745,1253503349.53
1617796800,2097.8992203,1629232751.92
1617710400,2049.28312134,1331445728.53
1617624000,2088.55129578,1202559627.97
1617537600,2031.61847384,1023489100.12
1617451200,2136.18713864,1362177083.28
1617364800,1977.44955544,1539047932.51
1617278400,1926.25978026,1398657672.63
1617192000,1846.19449181,1531135050.12
1617105600,1813.83430656,1110090073.34
1617019200,1691.4968806,6862415578.03
1616932800,1721.37353308,836333405.79
1616846400,1699.81950985,893358896.95
1616760000,1597.46210386,1011048309.05
1616673600,1594.36781659,1180634656.25
1616587200,1679.13522569,1349497842.79
1616500800,1692.23110844,1190263526.7
1616414400,1788.80615789,1303267397
1616328000,1816.52590725,932741097.84
1616241600,1814.3199984,928428229.12
1616155200,1789.7080812,1113691431.73
1616068800,1833.68375163,1002613798.12
1615982400,1798.83203467,1045930015.63
1615896000,1791.253222,1092788115.57
1615809600,1872.19813368,1221914819.49
1615723200,1928.75736562,1176292987.5
1615636800,1769.44650323,1349481993.88
1615550400,1825.71373326,1292549005.25
1615464000,1802.19572301,1213579761.98
1615377600,1864.34328128,1141743642.8
1615291200,1834.88459879,1441969948.85
1615204800,1727.70363145,1432310758.26
1615118400,1661.50889945,1310907343.66
1615032000,1531.31200781,1068581027.89
1614945600,1538.7051598,1227428219.58
1614859200,1585.33618995,1090168532.84
1614772800,1488.99123538,1041402663.77
1614686400,1566.04007405,1156180980.54
1614600000,1423.16180148,1164382730.1
1614513600,1463.60077597,1435148329.74
1614427200,1442.76837651,999747560.43
1614340800,1479.18821754,1433890550.38
1614254400,1622.71014213,1113975340.63
1614168000,1559.8822455,1571794482.66
1614081600,1775.05450795,2959363698.66
1613995200,1930.31483385,2013426562.29
1613908800,1913.89709228,1138893041.12
1613822400,1959.88765556,1687922975.61
1613736000,1932.1680358,1319592497.48
1613649600,1847.40188732,1282085571.13
1613563200,1779.3399551,1352056999.8
1613476800,1778.15920417,1206962747.08
1613390400,1807.0410891,1576526836.43
1613304000,1814.0281062,1107329493.95
1613217600,1840.97079102,1228865740.8
1613131200,1785.20029927,1274628644.09
1613044800,1748.21057567,1173684446.86
1612958400,1773.28593202,1431037415.65
1612872000,1743.24622671,1303921944.6
1612785600,1619.16099618,1927286849.89
1612699200,1679.25871394,1177101300.28
1612612800,1717.91596886,1317722506.79
1612526400,1596.51043412,1494804733.39
1612440000,1662.5838635,1607652193.49
1612353600,1519.50796555,1257501209.57
1612267200,1371.45932919,1459049862.63
1612180800,1318.04506386,1224941383.73
1612094400,1382.4124596,1023645002.38
1612008000,1384.47911142,1009823624.4
1611921600,1333.39360112,1455199688.79
1611835200,1247.51586473,938400519.02
1611748800,1355.47304645,1092748209.08
1611662400,1322.74909844,1158684636.6
1611576000,1394.23291171,1238652300.68
1611489600,1229.23341981,1053793802.48
1611403200,1235.82758004,866391993.57
1611316800,1118.58207872,1161838849.27
1611230400,1380.98032987,1196074368.22
1611144000,1383.06453798,1036041694.68
1611057600,1257.84069404,1484259870.25
1610971200,1232.13404494,856550543.25
1610884800,1236.0116935,868288042.29
1610798400,1169.78661952,986259951.7
1610712000,1215.46814353,1101329303.66
1610625600,1127.28242589,819948650.05
1610539200,1041.12132668,768839099.21
1610452800,1087.78312909,929853266.46
1610366400,1265.15499461,1945928019.35
1610280000,1286.57493375,1079826796.79
1610193600,1218.61040834,1029705831.01
1610107200,1219.40394719,1250384038.74
1610020800,1202.32777103,1084241717.97
1609934400,1102.31120561,1093191529.85
1609848000,1039.50301091,1125165313.92
1609761600,979.49100162,1417013927.23
1609675200,775.53727839,1129270085.35
1609588800,730.66506278,558868218.03
1609502400,737.42914701,395028037.59
1609416000,751.62504531,420464953.87
1609329600,733.85493833,537134963.23
1609243200,730.41256875,360851503.25
1609156800,684.20661412,379676709.53
1609070400,635.09176093,394910919.29
1608984000,626.52262428,254760214.26
1608897600,612.42270381,283034910.14
1608811200,584.72246402,308454417.95
1608724800,633.76300896,313645475.12
1608638400,611.50869391,307611041.76
1608552000,638.10599351,317067673.59
1608465600,662.50555151,261716343.16
1608379200,653.34039377,321516423.21
1608292800,642.35895974,293074345.76
1608206400,635.5112931,1094137746.11
1608120000,588.9777822,327270287.03
1608033600,585.79179979,269994897.1
1607947200,589.58038824,245964531.51
1607860800,568.20305754,223290998.68
1607774400,546.78496318,228895055.74
1607688000,560.93403025,283258622.12
1607601600,574.6288211,273334160.52
1607515200,554.42394119,333599826.87
1607428800,591.17111728,348919380.13
1607342400,602.5918359,336083806.99
1607256000,595.77034957,353452725.88
1607169600,571.46992079,282127042.24
1607083200,617.94656959,314169550.65
1606996800,599.05812911,316400728.17
1606910400,589.22672193,287134828.91
1606824000,614.48828812,366764372.91
1606737600,573.67947404,341577973.89
1606651200,538.04456046,206924563.25
1606564800,518.23573996,192189568.55
1606478400,518.85203009,233293472.22
1606392000,571.14496493,685527876.43
1606305600,603.54922183,314480831.42
1606219200,608.5598707,451670717
1606132800,559.04718594,419859126.52
1606046400,550.7546812,472570689.33
1605960000,508.96708396,372661782.24
1605873600,470.77378392,327752997.61
1605787200,479.96397853,257912232.58
1605700800,482.65050512,296860207.29
1605614400,466.6149391,395282251.63
1605528000,444.84152677,279822805.58
1605441600,461.74355138,193916833.63
1605355200,473.71949538,266737095.63
1605268800,460.99526514,252725193.19
1605182400,464.8435283,247307028.03
1605096000,449.017396,255245894.89
1605009600,444.64146386,248654073.25
1604923200,454.67445482,251535578.81
1604836800,436.40107541,211061319.66
1604750400,455.08066429,417568504.43
1604664000,415.63316435,370917802.17
1604577600,401.69448565,311915676.16
1604491200,387.92104165,265477503.21
1604404800,383.84295933,241765884.9
1604318400,395.2687034,222298649.38
1604232000,386.83970891,183840535.11
1604145600,384.15358986,235081531.63
1604059200,386.31998551,372434182.31
1603972800,388.45617902,356470791.95
1603886400,404.16197011,292705188.39
1603800000,393.50275684,217147503.79
1603713600,406.21411649,2299848723.16
1603627200,411.79022068,158313196.44
1603540800,408.77381672,149482107.82
1603454400,414.38390078,28730702.2
1603368000,392.90149628,282470998.95
1603281600,368.57165641,307146864.67
1603195200,379.68055068,184127024.29
1603108800,377.51344083,141826961.79
1603022400,368.03181564,110233312.75
1602936000,366.63063579,106200145.38
1602849600,378.03475673,138910150.99
1602763200,378.77434419,146437940.81
1602676800,381.81923467,150514987.15
1602590400,384.68485398,126666585.79
1602504000,373.70901806,249506648.1
1602417600,372.66297981,195532544.93
1602331200,362.03036673,251850127.42
1602244800,347.5793954,287997704.61
1602158400,339.95605495,325976272.05
1602072000,342.16474848,351740828.76
1601985600,352.69882838,376346269.79
1601899200,350.30737017,269408449.71
1601812800,347.7880973,334753200.4
1601726400,344.61610239,271003368.51
1601640000,354.40013903,466885455.37
1601553600,358.43304813,389869765.52
1601467200,357.4338727,283188935.06
1601380800,358.57711446,276598112.62
1601294400,356.29463037,228343512.75
1601208000,353.86025355,210810333.55
1601121600,350.33454354,235977644.52
1601035200,343.95360301,256873824.94
1600948800,326.70077607,298572745.79
1600862400,342.72737777,371035096.25
1600776000,347.683360329,355047734.94
1600689600,373.938742427,488286204.75
1600603200,387.36057189,400398595.21
1600516800,386.489937777,505311554.44
1600430400,387.931114204,666101293.78
1600344000,366.694344169,417351820.74
1600257600,368.302327059,373672989.8
1600171200,375.483872364,402927706.25
1600084800,371.207574493,484885773.92
1599998400,385.476581235,386897517.88
1599912000,374.403697358,311573314.31
1599825600,369.91471449,314610911.26
1599739200,354.201231051,423844599.3
1599652800,341.048287166,467873751.33
1599566400,350.760452191,412448500.14
1599480000,353.96134132,472552814.2
1599393600,340.816148948,662991054.88
1599307200,390.793102206,818584358.09
1599220800,395.959344386,590154229.67
1599134400,445.340157511,770749013.34
1599048000,472.223232953,894295352.9
1598961600,442.812112475,969334073.17
1598875200,427.077955395,608580557.27
1598788800,408.476177657,567577077.08
1598702400,393.964276115,366223943.09
1598616000,382.617637301,265751374.63
1598529600,387.200227182,176325407.45
1598443200,385.721241701,207460391.41
1598356800,406.614203525,193212877.79
1598270400,390.240056239,197178901.33
1598184000,395.555643434,151901723.66
1598097600,385.59527087,168503249.06
1598011200,413.982593763,228280683.91
1597924800,405.213554267,196535028.5
1597838400,424.22660784,194292461.16
1597752000,427.973053029,210985430.23
1597665600,429.832105402,168996450.39
1597579200,419.543874786,161604859.83
1597492800,433.731317744,152846696.39
1597406400,423.322161403,188989682.05
1597320000,388.82255018,256714330.83
1597233600,383.463002451,278142064
1597147200,404.454395014,182934067.53
1597060800,396.382711299,201523965.72
1596974400,386.425740468,120138859.83
1596888000,378.353504674,101916582.13
1596801600,394.529735912,99047736.46
1596715200,390.970909816,68842395.44
1596628800,386.035308822,62472501.94
1596542400,379.798147054,68809734.45
1596456000,358.518997855,65098575.42
1596369600,393.136956304,69142804.87
1596283200,369.787602097,97229179.62
1596196800,336.233121821,104213931.9
1596110400,320.388887495,93806924.75
1596024000,313.460596355,82537361.12
1595937600,321.575687094,1558405.79
1595851200,309.828770551,2817272.52
1595764800,304.13332594,336324.3
1595678400,279.071327401,132504.15
1595592000,274.899607784,119876.06
1595505600,264.166822158,227925.17
1595419200,245.027235206,210862.48
1595332800,238.088164721,396300.71
1595246400,244.396602669,4570827.06
1595160000,293.393702659,74832.59
1595073600,233.177360176,1088224.21
1594987200,226.443089378,4669089.85
1594900800,233.890378247,2765535.36
1594814400,253.860742486,4624847.83
1594728000,239.651176955,4695713.95
1594641600,242.050877644,767658.06
1594555200,239.580352693,232283.4
1594468800,240.9874075,134236.6
1594382400,247.78593597,64201.19
1594296000,246.634425291,138806.95
1594209600,239.074751181,97798.55
1594123200,240.482448503,515764.18
1594036800,227.718880715,163313.91
1593950400,229.095905348,1203412.22
1593864000,225.392136961,199091.43
1593777600,229.527435423,188478.67
1593691200,231.097242768,183519.12
1593604800,226.19479336,95049.98
1593518400,228.211670105,73834.81
1593432000,225.600121012,300316.82
1593345600,222.976247337,271622.79
1593259200,229.679444827,424442.35
1593172800,233.308177149,210998.77
1593086400,235.8538564,78278.54
1593000000,244.199959355,218281.12
1592913600,242.434002387,455784.61
1592827200,229.009408247,624595.37
1592740800,229.585071838,273002.54
1592654400,227.256076532,134171.87
1592568000,231.730554708,201825.91
1592481600,233.052254296,97841.69
1592395200,234.608608383,102183.69
1592308800,229.786991509,44150.91
1592222400,234.247779186,180458.34
1592136000,239.013247932,151597.67
1592049600,237.542422334,255305.72
1591963200,231.73334894,143080.64
1591876800,247.54734568,171519.22
1591790400,244.865984957,161286.35
1591704000,246.063821559,122785.19
1591617600,244.685993553,96411.11
1591531200,241.292480438,56451.6
1591444800,240.776928059,155411.49
1591358400,243.478868515,218569.1
1591272000,243.79675701,121139.03
1591185600,237.248596853,84085.89
1591099200,247.40055112,161719.77
1591012800,231.034054041,61527.1
1590926400,242.339512221,120485.28
1590840000,220.683125271,341255.49
1590753600,219.707205322,453815.79
1590667200,209.018020106,185409.74
1590580800,201.885356481,105646.39
1590494400,205.29899203,444445.03
1590408000,202.300843298,123386.62
1590321600,208.680877062,550560.04
1590235200,207.238293866,226891.03
1590148800,199.88595068,220549.58
1590062400,210.084856105,220238.3
1589976000,213.488946364,131078.42
1589889600,214.530731473,413536.47
1589803200,207.036959991,352612.23
1589716800,200.510087562,22989.42
1589630400,195.609494826,105493.87
1589544000,203.120249952,61041.54
1589457600,199.31707257,53505.14
1589371200,189.2754563,80465.48
1589284800,185.722811847,44432.69
1589198400,187.511016378,51443.35
1589112000,211.531984138,84635.15
1589025600,212.785237111,67151.51
1588939200,212.327743188,89234.7
1588852800,198.06971621,123842.87
1588766400,201.611268681,80842.2
1588680000,207.899618433,202627.79
1588593600,210.776401734,64945.55
1588507200,213.456159345,42360.41
1588420800,214.316880131,50544.08
1588334400,207.342257366,24141.73
1588248000,217.012011005,117124.74
1588161600,198.341259725,100920.61
1588075200,197.37760545,16783.83
1587988800,197.284462297,175469.15
1587902400,195.642192677,96181.62
1587816000,188.589376102,21013.53
1587729600,184.873578571,113712.49
1587643200,182.591931052,94397.97
1587556800,172.622677924,63932.99
1587470400,172.224797674,81569.3
1587384000,181.577322497,61590.69
1587297600,186.947151987,69237.5
1587211200,171.401276744,174813.25
1587124800,172.153731697,66690.48
1587038400,153.202971842,133480.23
1586952000,157.458232746,243394.97
1586865600,156.184820754,23560.05
1586779200,161.088267075,39763.34
1586692800,158.235428124,21207.63
1586606400,158.530751146,73388.21
1586520000,170.811854041,59972.5
1586433600,172.658272897,146758.25
1586347200,164.563639647,141173.56
1586260800,169.153056807,158665.99
1586174400,143.533855022,205912.17
1586088000,145.222052181,28452.16
1586001600,142.075399163,25665.08
1585915200,142.113236405,34863.05
1585828800,135.654143566,29718.33
1585742400,133.824316779,15449.51
1585656000,132.87474049,67258.76
1585569600,125.498954071,120821.52
1585483200,131.033070791,34024.71
1585396800,133.950156817,196913.81
1585310400,138.22070861,130891.1
1585224000,136.121111453,117509.67
1585137600,138.928401772,139150.17
1585051200,134.958440177,136088.48
1584964800,123.403479675,119150.22
1584878400,132.810580358,221175.29
1584792000,132.794021152,38121.77
1584705600,136.811975722,162878.46
1584619200,115.022078338,227873.83
1584532800,113.945121316,209887.62
1584446400,110.464397728,345652.24
1584360000,125.213578588,512760.11
1584273600,123.302834978,555678.92
1584187200,133.243940664,118732.26
1584100800,111.685277733,786300.67
1584014400,194.741506695,1028075.39
1583928000,200.771392366,514696.3
1583841600,201.985293249,92926.1
1583755200,201.317457427,686690.32
1583668800,237.868932581,123191.89
1583582400,243.756360973,152091.72
1583496000,229.246748936,52872.81
1583409600,224.482416208,188245.73
1583323200,224.552501975,118251.29
1583236800,230.527448192,67585.85
1583150400,218.954797753,101903.72
1583064000,219.859572127,67765.69
1582977600,226.806393415,100631.87
1582891200,227.024645684,121058.14
1582804800,225.698340743,190207.86
1582718400,247.834837614,964257.36
1582632000,265.228775729,549723.11
1582545600,273.751062414,423004.65
1582459200,262.342127339,79424.4
1582372800,265.571110803,71143.58
1582286400,257.944626008,55728.76
1582200000,259.677565601,80450.79
1582113600,282.033267206,66370.9
1582027200,266.51829559,274266.41
1581940800,259.881256372,717390.79
1581854400,264.758309795,1169714
1581768000,284.236891891,1679967.97
1581681600,268.021887136,598844.9
1581595200,265.764744649,1299017.13
1581508800,235.866110395,1758586.58
1581422400,223.528807014,1066393.74
1581336000,228.591155265,319655.19
1581249600,223.113964194,1090508.1
1581163200,222.532498062,846712.02
1581076800,212.35376266,264708.31
1580990400,204.253333611,665462.03
1580904000,189.226551608,176737.79
1580817600,189.865472108,210206.34
1580731200,188.532591746,217689.54
1580644800,183.687913149,150395.17
1580558400,180.162884395,98290.92
1580472000,184.748902308,150242.69
1580385600,175.02955135,119683.08
1580299200,176.365203155,128081.42
1580212800,170.941077647,119860.7
1580126400,168.148612481,258455.48
1580040000,161.308435456,105361.28
1579953600,163.153468864,68954.28
1579867200,162.99205404,57561.34
1579780800,168.296088317,157356.49
1579694400,169.623186357,137440.29
1579608000,167.173813622,185419.23
1579521600,166.997685666,205989.49
1579435200,175.343734723,220842.17
1579348800,170.803010113,282427.02
1579262400,164.401359366,384386.63
1579176000,166.207861319,147310.71
1579089600,165.819637442,247979.69
1579003200,144.229251275,167218.36
1578916800,146.220979463,67415.83
1578830400,142.91582737,34932.62
1578744000,143.981766001,40442.24
1578657600,138.965007453,129093.38
1578571200,141.177622337,74656.12
1578484800,143.546632141,103109.26
1578398400,144.300655405,37530.74
1578312000,136.289525737,58039.79
1578225600,135.081331726,58093.63
1578139200,134.165024055,16018
1578052800,127.417756109,101506.54
1577966400,130.804948498,82079.38
1577880000,129.64845306,61909.35
1577793600,132.579758904,23718.19
1577707200,134.764183234,35216.54
1577620800,128.334022428,21599.54
1577534400,127.222626276,60378.21
1577448000,126.373458926,47375.04
1577361600,126.555393057,54298.32
1577275200,129.077719019,22010.41
1577188800,128.63473704,67722.4
1577102400,132.320180828,18359.81
1577016000,128.142116835,132864.64
1576929600,129.092632023,33967.77
1576843200,129.359119247,13382.42
1576756800,133.15709693,45084.94
1576670400,122.117705166,110569.52
1576584000,133.610776767,446112.89
1576497600,143.148378081,68052.38
1576411200,142.894440345,37952.09
1576324800,144.979333711,150011.13
1576238400,145.623564954,135952.15
1576152000,143.654331503,73753.5
1576065600,146.267736811,34334.46
1575979200,148.264271337,50885.54
1575892800,151.393545789,141183.16
1575806400,148.802421162,147098.21
1575720000,149.236425226,321774.07
1575633600,149.306472995,391511.32
1575547200,146.718990706,331224.71
1575460800,147.989591348,1026195.69
1575374400,149.098743655,561624.77
1575288000,151.247772148,285408.71
1575201600,152.540769941,271180.45
1575115200,155.190052598,174806.42
1575028800,151.620953551,367541.94
1574942400,153.021164178,223058.93
1574856000,148.925775478,443983.78
1574769600,146.475085207,197310.97
1574683200,142.847027423,857599.54
1574596800,153.489812999,222600.72
1574510400,150.347874457,208837.42
1574424000,160.037195243,604979.38
1574337600,170.656026582,381540.59
1574251200,175.922932547,204685.1
1574164800,175.147686457,522126.76
1574078400,179.933569154,197071.55
1573992000,173.885787123,327359.27
1573905600,177.177747072,178975.76
1573819200,180.320318487,330700.3
1573732800,169.600364176,282734.57
1573646400,176.378914821,114150.5
1573560000,170.048039603,152195.71
1573473600,180.885328262,103516.03
1573387200,179.347220555,193144.01
1573300800,181.321833478,288843.06
1573214400,182.441023823,419223.8
1573128000,189.402737607,427708.9
1573041600,185.873728751,892260.17
1572955200,181.123590416,533549.28
1572868800,177.380452885,323855.77
1572782400,172.738339505,254881.39
1572696000,178.653912071,161779.98
1572609600,180.841737726,386506.81
1572523200,182.28955673,685223.88
1572436800,183.88742488,678357.62
1572350400,176.673933821,263445.36
1572264000,180.300623306,211404.51
1572177600,176.612989987,328953.26
1572091200,268.341379047,417674.23
1572004800,156.623409028,213725.82
1571918400,157.660712646,137074.56
1571832000,159.747804991,210241.44
1571745600,168.064769072,123629.52
1571659200,165.23985007,226829.4
1571572800,159.622032414,169976.12
1571486400,155.13699115,125204.43
1571400000,151.130619023,97050.06
1571313600,162.24169012,74973.82
1571227200,150.828889169,128906.77
1571140800,177.59018983,64655.74
1571054400,162.137138467,260267.6
1570968000,156.773460578,102249.77
1570881600,167.936900126,78160.85
1570795200,180.648259613,121145.67
1570708800,186.177236352,206546.69
1570622400,173.661409287,370627.98
1570536000,176.377594379,252508.72
1570449600,156.03966024,424369.28
1570363200,154.567715191,99890.76
1570276800,141.292938257,89352.15
1570190400,160.108749737,58140.3
1570104000,159.665622759,137299.16
1570017600,156.81706884,110634.42
1569931200,153.94804684,102448.03
1569844800,153.486401864,113551.13
1569758400,153.078493493,156853.11
1569672000,152.235710365,137130.87
1569585600,150.804293372,129330.84
1569499200,162.955588406,126689.29
1569412800,166.037370646,331682.82
1569326400,184.60087584,936892.99
1569240000,193.986157295,187119.94
1569153600,185.222692651,197841.33
1569067200,195.622646475,126927.48
1568980800,204.884474515,176019.86
1568894400,187.958518994,260755.42
1568808000,193.175119026,152989.38
1568721600,186.204647179,224117.36
1568635200,172.478697681,292145.61
1568548800,174.612509166,154344.45
1568462400,163.221960615,194731.87
1568376000,170.641535729,103249.95
1568289600,159.330273718,174703.32
1568203200,142.808041946,88748.43
1568116800,166.463379352,62908.28
1568030400,162.009829407,183838.68
1567944000,165.994648674,144637.65
1567857600,164.554043851,148033.04
1567771200,165.925541741,248447.84
1567684800,171.478037951,184192.28
1567598400,161.093337208,305378.51
1567512000,166.554662217,301111.92
1567425600,153.244517621,150844.15
1567339200,166.524551874,120450.39
1567252800,159.739273699,230385.82
1567166400,159.627525635,233682.56
1567080000,165.846494479,411988.87
1566993600,170.700254622,440795.32
1566907200,162.872613171,257236.57
1566820800,159.463043987,146931.78
1566734400,161.600286495,123860.98
1566648000,159.694013936,146610.35
1566561600,171.690504048,126115.87
1566475200,166.486395198,231381.12
1566388800,178.909159506,228919.29
1566302400,183.944100545,312211.69
1566216000,167.917199476,227234.17
1566129600,168.941276708,170226.04
1566043200,173.782639729,221833.63
1565956800,184.340362714,307115.35
1565870400,175.120077532,1051939.03
1565784000,169.717256692,349636.09
1565697600,192.03211099,130399.46
1565611200,195.735574465,127137.28
1565524800,196.116208343,153823.6
1565438400,201.358302603,185600.34
1565352000,198.076139763,243332.43
1565265600,205.594138255,129590.61
1565179200,208.53342473,194671.24
1565092800,219.01797555,167930.56
1565006400,187.150196034,214119.24
1564920000,202.68288996,81699.37
1564833600,202.068610688,137618.61
1564747200,195.593807314,161618.78
1564660800,188.374299425,119836.52
1564574400,189.212675785,86264.69
1564488000,188.262659061,116116.91
1564401600,169.78617557,105042.86
1564315200,186.009323151,53856.84
1564228800,205.752394414,128732.09
1564142400,203.994372912,225085.92
1564056000,196.634463742,224990.58
1563969600,192.34071396,172777.27
1563883200,204.116717839,171593.05
1563796800,208.259940529,220879.76
1563710400,219.569304137,203989.53
1563624000,210.189604868,458141.45
1563537600,221.452081464,303053.65
1563451200,207.877557868,504325
1563364800,195.676735638,644521.19
1563278400,225.732057089,642152.91
1563192000,218.351175388,424992.2
1563105600,247.554922915,571155.02
1563019200,256.404715044,183559.96
1562932800,268.693211503,291410.51
1562846400,267.893300255,1041595.15
1562760000,299.375668683,1201138.12
1562673600,292.917876472,657920.58
1562587200,263.33546365,325621.17
1562500800,252.699336962,157836.1
1562414400,241.793981445,155697.23
1562328000,259.930721056,114336.79
1562241600,290.700171298,232372.46
1562155200,293.635803115,208276.38
1562068800,276.793768541,627631.02
1561982400,280.116753244,672712.47
1561896000,304.228712488,178384.49
1561809600,288.168848728,379378.56
1561723200,284.687530067,261737.04
1561636800,324.04953423,324843.25
1561550400,283.740700167,1788919.49
1561464000,204.096117502,196931.02
1561377600,281.014197426,286306.65
1561291200,273.37633322,301554.97
1561204800,270.411913797,201237.62
1561118400,233.104653156,214860.65
1561032000,261.832307132,127442.06
1560945600,226.28977511,590201.12
1560859200,265.00777114,279609.11
1560772800,216.996492998,1087132.4
1560686400,266.687572638,1095076.95
1560600000,254.302013387,358350.76
1560513600,251.375201548,374646.42
1560427200,244.522912279,349925.05
1560340800,227.387467885,321836.23
1560254400,234.082564484,298846.53
1560168000,217.796004674,494410.05
1560081600,217.857430306,268105.02
1559995200,238.650597907,162743.03
1559908800,232.743876093,297669.99
1559822400,233.320991551,215460.4
1559736000,236.250063679,272035.38
1559649600,244.39065637,421631.4
1559563200,244.551186457,273011.98
1559476800,248.100033151,144580.95
1559390400,250.633748253,196213.17
1559304000,247.6103396,221499.75
1559217600,254.069599628,575799.44
1559131200,259.966512094,225029.5
1559044800,258.020081787,330774.24
1558958400,247.052953913,451951.41
1558872000,237.763399933,278208.91
1558785600,238.350475259,321409.06
1558699200,236.341204484,413781.73
1558612800,228.861208143,457441.58
1558526400,244.668077968,284353.29
1558440000,237.867910811,456310.27
1558353600,250.371472845,337363.67
1558267200,223.839104132,437034.7
1558180800,230.985216799,315863.66
1558094400,256.404631184,1511426.23
1558008000,240.038929971,1817999.02
1557921600,210.566791844,2320725.97
1557835200,192.916335739,999563.3
1557748800,181.128087936,2261292.75
1557662400,187.734840895,605576.46
1557576000,161.274258128,909305.2
1557489600,158.175385977,292049.83
1557403200,163.369124421,240169.19
1557316800,161.796420482,345336.82
1557230400,154.428839903,419194.83
1557144000,151.832063184,349060.5
1557057600,150.611983645,152461.55
1556971200,156.724041064,133842.23
1556884800,149.701900301,192706.37
1556798400,154.113002642,134564.51
1556712000,157.359037026,201465.03
1556625600,148.761564641,255236.53
1556539200,147.528664988,183396.84
1556452800,145.528404804,137072.31
1556366400,150.899205856,105162.66
1556280000,149.067099881,323681.58
1556193600,164.615733907,352212.26
1556107200,167.593150362,365493.02
1556020800,166.836866097,254146.36
1555934400,169.246555976,196225.1
1555848000,171.825623449,884043.42
1555761600,166.193478363,832858.1
1555675200,167.094113998,255460.57
1555588800,163.861556545,267428.35
1555502400,159.575184323,360884
1555416000,154.748839151,387927.72
1555329600,164.977888644,521692.04
1555243200,156.416930089,450616.55
1555156800,160.969179772,383597.18
1555070400,161.402474018,407723.6
1554984000,174.078902417,225840.15
1554897600,169.886738518,379241.26
1554811200,161.749789494,237444.85
1554724800,172.052403075,386608.96
1554638400,160.069348389,192713.75
1554552000,160.368549012,171763.82
1554465600,159.683948634,242876.69
1554379200,163.685833611,483110.31
1554292800,165.090195713,930482.88
1554206400,136.214434348,1667035.68
1554120000,135.451368797,377090.6
1554033600,136.447458239,195344.12
1553947200,137.398459508,331719.37
1553860800,132.474096343,647993.68
1553774400,136.641235556,140848.84
1553688000,128.872901661,261608.19
1553601600,132.451562445,143760.92
1553515200,128.665899994,329994.28
1553428800,153.385988915,142468.39
1553342400,129.334673553,464662.61
1553256000,133.112123816,157149.7
1553169600,135.303028733,277158.33
1553083200,135.299623359,183554.01
1552996800,130.031611369,222292.56
1552910400,131.526606446,114854.91
1552824000,138.082353967,158537.93
1552737600,132.116353183,258481.8
1552651200,129.48961123,228632.09
1552564800,119.640420804,200412.99
1552478400,131.297720131,151164.5
1552392000,123.421982035,298630.7
1552305600,131.431020976,198285.39
1552219200,116.667011708,206600.15
1552132800,131.857680824,121911.18
1552046400,132.918312871,264937.68
1551960000,135.205355487,149338.38
1551873600,133.826616428,385965.32
1551787200,125.774164037,327538.9
1551700800,127.409686255,297780.61
1551614400,129.411053776,185127.24
1551528000,133.201130578,434079.35
1551441600,134.565614393,258605.51
1551355200,134.598161184,248123.44
1551268800,131.939393021,404471.75
1551182400,135.028108282,588184.88
1551096000,131.657465701,248381.57
1551009600,153.619577126,964383.46
1550923200,138.728647326,259078.2
1550836800,141.792063078,188282.29
1550750400,146.339719307,401806.77
1550664000,133.477956597,499714.78
1550577600,138.731161224,164940.23
1550491200,124.641913634,234116.38
1550404800,111.996696064,216238.06
1550318400,114.508559473,85530.98
1550232000,116.969976079,214393.91
1550145600,105.717575884,168942.7
1550059200,120.992759469,309906.23
1549972800,113.768759162,235462.65
1549886400,116.777127127,258024.54
1549800000,105.494313709,226739.73
1549713600,108.253477969,408609.66
1549627200,103.608351952,477864.61
1549540800,101.784686666,909593.54
1549454400,69.3127914464,445505.16
1549368000,108.957943475,156451.62
1549281600,107.847948403,630513.27
1549195200,118.855524358,648157.71
1549108800,106.477313187,63872.43
1549022400,105.633658008,73525.66
1548936000,110.026388942,96312.55
1548849600,105.583257478,137643.48
1548763200,106.67345087,75532.64
1548676800,113.538628142,108864.28
1548590400,116.762559327,156194.42
1548504000,116.13678034,461383.94
1548417600,118.434203228,727572.6
1548331200,117.479878236,382730.41
1548244800,116.11212952,315170.35
1548158400,117.087717431,119790.01
1548072000,117.985658925,165158.9
1547985600,120.848549123,129492.09
1547899200,122.926340333,126239.92
1547812800,127.404149834,168197.22
1547726400,141.882056849,42887.04
1547640000,126.786509809,61437.2
1547553600,133.056260526,152938.52
1547467200,127.720777745,219674.9
1547380800,135.699342113,41654.6
1547294400,132.441819437,29180.02
1547208000,139.215219654,60307.11
1547121600,152.454117328,242675.57
1547035200,151.670423187,130564.24
1546948800,153.6334136,96486.76
1546862400,154.625947485,69611.13
1546776000,156.525603791,47067.49
1546689600,153.395098174,111203.16
1546603200,132.476890331,42350.59
1546516800,138.910136266,110169.96
1546430400,128.846306746,57718.8
1546344000,127.284802866,28616.48
1546257600,132.832050124,55354.9
1546171200,131.589797495,106629.73
1546084800,126.195319002,118170.09
1545998400,118.400308946,69455.25
1545912000,129.296020985,50657.66
1545825600,128.087856163,213162.22
1545739200,140.922979631,70336.3
1545652800,133.187166496,294154.98
1545566400,116.484261736,445547.81
1545480000,109.375198513,113937.62
1545393600,115.318232439,156184.61
1545307200,101.747205309,191823.31
1545220800,100.671377934,302418.8
1545134400,99.0391901022,150151.22
1545048000,86.578498782,145892.56
1544961600,82.4503927528,62521.77
1544875200,82.5432741893,93871.5
1544788800,86.495594081,125292.2
1544702400,90.1794914257,38015.58
1544616000,88.4599626594,26810.69
1544529600,91.4405269665,45525.78
1544443200,94.4353940848,42350.49
1544356800,92.1928966645,206716.07
1544270400,91.9976575571,1569748.02
1544184000,91.2826875753,1148888.81
1544097600,100.779261664,363742.36
1544011200,109.445730195,53002.43
1543924800,108.668661276,90447.71
1543838400,115.802837318,332093.46
1543752000,118.54771407,141458.27
1543665600,112.584749553,62076.98
1543579200,118.646029931,434036.94
1543492800,123.308609008789,620533.79
1543406400,110.449,79996
1543320000,106.739,215518
1543233600,117.488,1050730
1543147200,114.039,2483760
1543060800,125.154,190110
1542974400,126.717,166582
1542888000,131.33,47004.9
1542801600,132.399,104014
1542715200,147.559,2950580
1542628800,176.664,1415970
1542542400,173.77,350296
1542456000,176.953,360938
1542369600,175.051,206615
1542283200,174.615,449407
1542196800,206.141,539822
1542110400,210.417,398016
1542024000,211.277,255150
1541937600,214.815,23451.9
1541851200,210.73,83386.9
1541764800,211.827,77675.4
1541678400,222.025,636755
1541592000,217.258,1687760
1541505600,206.699,956415
1541419200,199.411,1777790
1541332800,190.449,565244
1541246400,198.48,953142
1541160000,200.445,482512
1541073600,197.576,567778
1540987200,195.72,359865
1540900800,196.684,446551
1540814400,203.74,599226
1540728000,202.248,16284.2
1540641600,204.229,27189.9
1540555200,201.447,36400.1
1540468800,203.803,29931.4
1540382400,205.344,188017
1540296000,205.452,349479
1540209600,199.711,84801
1540123200,205.876,60517.8
1540036800,204.61,252319
1539950400,199.937,157805
1539864000,204.918,56242.5
1539777600,208.854,240265
1539691200,210.014,232329
1539604800,193.01,305217
1539518400,196.839,63207
1539432000,194.93,61511.9
1539345600,187.252,99259.9
1539259200,224.796,401703
1539172800,224.638,27888.7
1539086400,228.025,12432.4
1539000000,224.202,49180.6
1538913600,225.022,4560.42
1538827200,228.238,14446.5
1538740800,222.381,23141.7
1538654400,218.158,10935.7
1538568000,227.711,17028.8
1538481600,228.507,92241.9
1538395200,231.691,15791.6
1538308800,228.609,1514.14
1538222400,219.811,5524.38
1538136000,228.123,27386.2
1538049600,217.248,28025.8
1537963200,220.176,35227.9
1537876800,229.679,523706
1537790400,240.65,350512
1537704000,241.01,384884
1537617600,246.202,221811
1537531200,225.903,546456
1537444800,211.404,103011
1537358400,208.437,160486
1537272000,195.713,1030140
1537185600,221.353,1628320
1537099200,222.438,496040
1537012800,209.072,239577
1536926400,213.618,881361
1536840000,183.925,2318290
1536753600,184.849,1776490
1536667200,195.834,1663870
1536580800,195.194,2510640
1536494400,197.698,2359380
1536408000,219.259,1223390
1536321600,232.382,502466
1536235200,236.308,3191690
1536148800,282.947,2809700
1536062400,290.448,106228
1535976000,294.254,187906
1535889600,298.201,179452
1535803200,286.589,485353
1535716800,283.646,17966.7
1535630400,288.845,196086
1535544000,292.855,84480.7
1535457600,281.459,152730
1535371200,276.514,23751.9
1535284800,282.101,34448.3
1535198400,294.618,70453.1
1535112000,301.064,86180.9
1535025600,271.26,67449.9