block_number,eth_price
10000,271.26
20000,271.26
30000,271.26
40000,271.26
50000,271.26
60000,271.26
70000,271.26
80000,271.26
90000,271.26
100000,271.26
110000,271.26
120000,271.26
130000,271.26
140000,271.26
150000,271.26
160000,271.26
170000,271.26
180000,271.26
190000,271.26
200000,271.26
210000,271.26
220000,271.26
230000,271.26
240000,271.26
250000,271.26
260000,271.26
270000,271.26
280000,271.26
290000,271.26
300000,271.26
310000,271.26
320000,271.26
330000,271.26
340000,271.26
350000,271.26
360000,271.26
370000,271.26
380000,271.26
390000,271.26
400000,271.26
410000,271.26
420000,271.26
430000,271.26
440000,271.26
450000,271.26
460000,271.26
470000,271.26
480000,271.26
490000,271.26
500000,271.26
510000,271.26
520000,271.26
530000,271.26
540000,271.26
550000,271.26
560000,271.26
570000,271.26
580000,271.26
590000,271.26
600000,271.26
610000,271.26
620000,271.26
630000,271.26
640000,271.26
650000,271.26
660000,271.26
670000,271.26
680000,271.26
690000,271.26
700000,271.26
710000,271.26
720000,271.26
730000,271.26
740000,271.26
750000,271.26
760000,271.26
770000,271.26
780000,271.26
790000,271.26
800000,271.26
810000,271.26
820000,271.26
830000,271.26
840000,271.26
850000,271.26
860000,271.26
870000,271.26
880000,271.26
890000,271.26
900000,271.26
910000,271.26
920000,271.26
930000,271.26
940000,271.26
950000,271.26
960000,271.26
970000,271.26
980000,271.26
990000,271.26
1000000,271.26
1010000,271.26
1020000,271.26
1030000,271.26
1040000,271.26
1050000,271.26
1060000,271.26
1070000,271.26
1080000,271.26
1090000,271.26
1100000,271.26
1110000,271.26
1120000,271.26
1130000,271.26
1140000,271.26
1150000,271.26
1160000,271.26
1170000,271.26
1180000,271.26
1190000,271.26
1200000,271.26
1210000,271.26
1220000,271.26
1230000,271.26
1240000,271.26
1250000,271.26
1260000,271.26
1270000,271.26
1280000,271.26
1290000,271.26
1300000,271.26
1310000,271.26
1320000,271.26
1330000,271.26
1340000,271.26
1350000,271.26
1360000,271.26
1370000,271.26
1380000,271.26
1390000,271.26
1400000,271.26
1410000,271.26
1420000,271.26
1430000,271.26
1440000,271.26
1450000,271.26
1460000,271.26
1470000,271.26
1480000,271.26
1490000,271.26
1500000,271.26
1510000,271.26
1520000,271.26
1530000,271.26
1540000,271.26
1550000,271.26
1560000,271.26
1570000,271.26
1580000,271.26
1590000,271.26
1600000,271.26
1610000,271.26
1620000,271.26
1630000,271.26
1640000,271.26
1650000,271.26
1660000,271.26
1670000,271.26
1680000,271.26
1690000,271.26
1700000,271.26
1710000,271.26
1720000,271.26
1730000,271.26
1740000,271.26
1750000,271.26
1760000,271.26
1770000,271.26
1780000,271.26
1790000,271.26
1800000,271.26
1810000,271.26
1820000,271.26
1830000,271.26
1840000,271.26
1850000,271.26
1860000,271.26
1870000,271.26
1880000,271.26
1890000,271.26
1900000,271.26
1910000,271.26
1920000,271.26
1930000,271.26
1940000,271.26
1950000,271.26
1960000,271.26
1970000,271.26
1980000,271.26
1990000,271.26
2000000,271.26
2010000,271.26
2020000,271.26
2030000,271.26
2040000,271.26
2050000,271.26
2060000,271.26
2070000,271.26
2080000,271.26
2090000,271.26
2100000,271.26
2110000,271.26
2120000,271.26
2130000,271.26
2140000,271.26
2150000,271.26
2160000,271.26
2170000,271.26
2180000,271.26
2190000,271.26
2200000,271.26
2210000,271.26
2220000,271.26
2230000,271.26
2240000,271.26
2250000,271.26
2260000,271.26
2270000,271.26
2280000,271.26
2290000,271.26
2300000,271.26
2310000,271.26
2320000,271.26
2330000,271.26
2340000,271.26
2350000,271.26
2360000,271.26
2370000,271.26
2380000,271.26
2390000,271.26
2400000,271.26
2410000,271.26
2420000,271.26
2430000,271.26
2440000,271.26
2450000,271.26
2460000,271.26
2470000,271.26
2480000,271.26
2490000,271.26
2500000,271.26
2510000,271.26
2520000,271.26
2530000,271.26
2540000,271.26
2550000,271.26
2560000,271.26
2570000,271.26
2580000,271.26
2590000,271.26
2600000,271.26
2610000,271.26
2620000,271.26
2630000,271.26
2640000,271.26
2650000,271.26
2660000,271.26
2670000,271.26
2680000,271.26
2690000,271.26
2700000,271.26
2710000,271.26
2720000,271.26
2730000,271.26
2740000,271.26
2750000,271.26
2760000,271.26
2770000,271.26
2780000,271.26
2790000,271.26
2800000,271.26
2810000,271.26
2820000,271.26
2830000,271.26
2840000,271.26
2850000,271.26
2860000,271.26
2870000,271.26
2880000,271.26
2890000,271.26
2900000,271.26
2910000,271.26
2920000,271.26
2930000,271.26
2940000,271.26
2950000,271.26
2960000,271.26
2970000,271.26
2980000,271.26
2990000,271.26
3000000,271.26
3010000,271.26
3020000,271.26
3030000,271.26
3040000,271.26
3050000,271.26
3060000,271.26
3070000,271.26
3080000,271.26
3090000,271.26
3100000,271.26
3110000,271.26
3120000,271.26
3130000,271.26
3140000,271.26
3150000,271.26
3160000,271.26
3170000,271.26
3180000,271.26
3190000,271.26
3200000,271.26
3210000,271.26
3220000,271.26
3230000,271.26
3240000,271.26
3250000,271.26
3260000,271.26
3270000,271.26
3280000,271.26
3290000,271.26
3300000,271.26
3310000,271.26
3320000,271.26
3330000,271.26
3340000,271.26
3350000,271.26
3360000,271.26
3370000,271.26
3380000,271.26
3390000,271.26
3400000,271.26
3410000,271.26
3420000,271.26
3430000,271.26
3440000,271.26
3450000,271.26
3460000,271.26
3470000,271.26
3480000,271.26
3490000,271.26
3500000,271.26
3510000,271.26
3520000,271.26
3530000,271.26
3540000,271.26
3550000,271.26
3560000,271.26
3570000,271.26
3580000,271.26
3590000,271.26
3600000,271.26
3610000,271.26
3620000,271.26
3630000,271.26
3640000,271.26
3650000,271.26
3660000,271.26
3670000,271.26
3680000,271.26
3690000,271.26
3700000,271.26
3710000,271.26
3720000,271.26
3730000,271.26
3740000,271.26
3750000,271.26
3760000,271.26
3770000,271.26
3780000,271.26
3790000,271.26
3800000,271.26
3810000,271.26
3820000,271.26
3830000,271.26
3840000,271.26
3850000,271.26
3860000,271.26
3870000,271.26
3880000,271.26
3890000,271.26
3900000,271.26
3910000,271.26
3920000,271.26
3930000,271.26
3940000,271.26
3950000,271.26
3960000,271.26
3970000,271.26
3980000,271.26
3990000,271.26
4000000,271.26
4010000,271.26
4020000,271.26
4030000,271.26
4040000,271.26
4050000,271.26
4060000,271.26
4070000,271.26
4080000,271.26
4090000,271.26
4100000,271.26
4110000,271.26
4120000,271.26
4130000,271.26
4140000,271.26
4150000,271.26
4160000,271.26
4170000,271.26
4180000,271.26
4190000,271.26
4200000,271.26
4210000,271.26
4220000,271.26
4230000,271.26
4240000,271.26
4250000,271.26
4260000,271.26
4270000,271.26
4280000,271.26
4290000,271.26
4300000,271.26
4310000,271.26
4320000,271.26
4330000,271.26
4340000,271.26
4350000,271.26
4360000,271.26
4370000,271.26
4380000,271.26
4390000,271.26
4400000,271.26
4410000,271.26
4420000,271.26
4430000,271.26
4440000,271.26
4450000,271.26
4460000,271.26
4470000,271.26
4480000,271.26
4490000,271.26
4500000,271.26
4510000,271.26
4520000,271.26
4530000,271.26
4540000,271.26
4550000,271.26
4560000,271.26
4570000,271.26
4580000,271.26
4590000,271.26
4600000,271.26
4610000,271.26
4620000,271.26
4630000,271.26
4640000,271.26
4650000,271.26
4660000,271.26
4670000,271.26
4680000,271.26
4690000,271.26
4700000,271.26
4710000,271.26
4720000,271.26
4730000,271.26
4740000,271.26
4750000,271.26
4760000,271.26
4770000,271.26
4780000,271.26
4790000,271.26
4800000,271.26
4810000,271.26
4820000,271.26
4830000,271.26
4840000,271.26
4850000,271.26
4860000,271.26
4870000,271.26
4880000,271.26
4890000,271.26
4900000,271.26
4910000,271.26
4920000,271.26
4930000,271.26
4940000,271.26
4950000,271.26
4960000,271.26
4970000,271.26
4980000,271.26
4990000,271.26
5000000,271.26
5010000,271.26
5020000,271.26
5030000,271.26
5040000,271.26
5050000,271.26
5060000,271.26
5070000,271.26
5080000,271.26
5090000,271.26
5100000,271.26
5110000,271.26
5120000,271.26
5130000,271.26
5140000,271.26
5150000,271.26
5160000,271.26
5170000,271.26
5180000,271.26
5190000,271.26
5200000,271.26
5210000,271.26
5220000,271.26
5230000,271.26
5240000,271.26
5250000,271.26
5260000,271.26
5270000,271.26
5280000,271.26
5290000,271.26
5300000,271.26
5310000,271.26
5320000,271.26
5330000,271.26
5340000,271.26
5350000,271.26
5360000,271.26
5370000,271.26
5380000,271.26
5390000,271.26
5400000,271.26
5410000,271.26
5420000,271.26
5430000,271.26
5440000,271.26
5450000,271.26
5460000,271.26
5470000,271.26
5480000,271.26
5490000,271.26
5500000,271.26
5510000,271.26
5520000,271.26
5530000,271.26
5540000,271.26
5550000,271.26
5560000,271.26
5570000,271.26
5580000,271.26
5590000,271.26
5600000,271.26
5610000,271.26
5620000,271.26
5630000,271.26
5640000,271.26
5650000,271.26
5660000,271.26
5670000,271.26
5680000,271.26
5690000,271.26
5700000,271.26
5710000,271.26
5720000,271.26
5730000,271.26
5740000,271.26
5750000,271.26
5760000,271.26
5770000,271.26
5780000,271.26
5790000,271.26
5800000,271.26
5810000,271.26
5820000,271.26
5830000,271.26
5840000,271.26
5850000,271.26
5860000,271.26
5870000,271.26
5880000,271.26
5890000,271.26
5900000,271.26
5910000,271.26
5920000,271.26
5930000,271.26
5940000,271.26
5950000,271.26
5960000,271.26
5970000,271.26
5980000,271.26
5990000,271.26
6000000,271.26
6010000,271.26
6020000,271.26
6030000,271.26
6040000,271.26
6050000,271.26
6060000,271.26
6070000,271.26
6080000,271.26
6090000,271.26
6100000,271.26
6110000,271.26
6120000,271.26
6130000,271.26
6140000,271.26
6150000,271.26
6160000,271.26
6170000,271.26
6180000,271.26
6190000,271.26
6200000,271.26
6210000,301.064
6220000,282.101
6230000,281.459
6240000,292.855
6250000,283.646
6260000,298.201
6270000,294.254
6280000,282.947
6290000,232.382
6300000,197.698
6310000,195.194
6320000,184.849
6330000,183.925
6340000,209.072
6350000,221.353
6360000,195.713
6370000,211.404
6380000,246.202
6390000,241.01
6400000,229.679
6410000,217.248
6420000,228.123
6430000,228.609
6440000,228.507
6450000,227.711
6460000,222.381
6470000,228.238
6480000,224.202
6490000,224.638
6500000,224.796
6510000,194.93
6520000,193.01
6530000,210.014
6540000,204.918
6550000,199.937
6560000,205.876
6570000,205.452
6580000,205.344
6590000,201.447
6600000,202.248
6610000,203.74
6620000,195.72
6630000,200.445
6640000,198.48
6650000,199.411
6660000,217.258
6670000,222.025
6680000,210.73
6690000,214.815
6700000,210.417
6710000,174.615
6720000,175.051
6730000,173.77
6740000,147.559
6750000,132.399
6760000,126.717
6770000,114.039
6780000,117.488
6790000,110.449
6800000,123.308609008789
6810000,112.584749553
6820000,115.802837318
6830000,108.668661276
6840000,100.779261664
6850000,91.9976575571
6860000,92.1928966645
6870000,91.4405269665
6880000,90.1794914257
6890000,86.495594081
6900000,82.4503927528
6910000,99.0391901022
6920000,100.671377934
6930000,115.318232439
6940000,116.484261736
6950000,133.187166496
6960000,128.087856163
6970000,118.400308946
6980000,131.589797495
6990000,132.832050124
7000000,128.846306746
7010000,132.476890331
7020000,156.525603791
7030000,154.625947485
7040000,151.670423187
7050000,139.215219654
7060000,135.699342113
7070000,127.720777745
7080000,126.786509809
7090000,127.404149834
7100000,120.848549123
7110000,117.087717431
7120000,117.479878236
7130000,116.13678034
7140000,113.538628142
7150000,105.583257478
7160000,105.633658008
7170000,118.855524358
7180000,108.957943475
7190000,101.784686666
7200000,108.253477969
7210000,116.777127127
7220000,105.717575884
7230000,114.508559473
7240000,124.641913634
7250000,146.339719307
7260000,138.728647326
7270000,131.657465701
7280000,134.598161184
7290000,134.565614393
7300000,129.411053776
7310000,125.774164037
7320000,133.826616428
7330000,132.918312871
7340000,131.857680824
7350000,131.431020976
7360000,123.421982035
7370000,119.640420804
7380000,132.116353183
7390000,138.082353967
7400000,130.031611369
7410000,135.299623359
7420000,133.112123816
7430000,129.334673553
7440000,128.665899994
7450000,132.451562445
7460000,136.641235556
7470000,137.398459508
7480000,136.447458239
7490000,136.214434348
7500000,165.090195713
7510000,159.683948634
7520000,160.368549012
7530000,172.052403075
7540000,161.749789494
7550000,174.078902417
7560000,160.969179772
7570000,156.416930089
7580000,154.748839151
7590000,159.575184323
7600000,167.094113998
7610000,166.193478363
7620000,169.246555976
7630000,167.593150362
7640000,164.615733907
7650000,150.899205856
7660000,145.528404804
7670000,148.761564641
7680000,157.359037026
7690000,149.701900301
7700000,156.724041064
7710000,151.832063184
7720000,161.796420482
7730000,163.369124421
7740000,161.274258128
7750000,187.734840895
7760000,192.916335739
7770000,210.566791844
7780000,256.404631184
7790000,230.985216799
7800000,250.371472845
7810000,244.668077968
7820000,228.861208143
7830000,238.350475259
7840000,237.763399933
7850000,258.020081787
7860000,259.966512094
7870000,247.6103396
7880000,248.100033151
7890000,244.551186457
7900000,236.250063679
7910000,233.320991551
7920000,238.650597907
7930000,217.857430306
7940000,234.082564484
7950000,227.387467885
7960000,251.375201548
7970000,266.687572638
7980000,216.996492998
7990000,226.28977511
8000000,261.832307132
8010000,270.411913797
8020000,273.37633322
8030000,204.096117502
8040000,324.04953423
8050000,284.687530067
8060000,304.228712488
8070000,280.116753244
8080000,293.635803115
8090000,290.700171298
8100000,241.793981445
8110000,252.699336962
8120000,292.917876472
8130000,267.893300255
8140000,268.693211503
8150000,247.554922915
8160000,218.351175388
8170000,195.676735638
8180000,207.877557868
8190000,210.189604868
8200000,219.569304137
8210000,204.116717839
8220000,196.634463742
8230000,203.994372912
8240000,186.009323151
8250000,169.78617557
8260000,189.212675785
8270000,188.374299425
8280000,202.068610688
8290000,202.68288996
8300000,219.01797555
8310000,205.594138255
8320000,198.076139763
8330000,196.116208343
8340000,195.735574465
8350000,169.717256692
8360000,175.120077532
8370000,173.782639729
8380000,168.941276708
8390000,183.944100545
8400000,178.909159506
8410000,171.690504048
8420000,161.600286495
8430000,159.463043987
8440000,170.700254622
8450000,165.846494479
8460000,159.739273699
8470000,166.524551874
8480000,166.554662217
8490000,171.478037951
8500000,165.925541741
8510000,165.994648674
8520000,162.009829407
8530000,142.808041946
8540000,159.330273718
8550000,163.221960615
8560000,174.612509166
8570000,186.204647179
8580000,187.958518994
8590000,204.884474515
8600000,185.222692651
8610000,193.986157295
8620000,166.037370646
8630000,162.955588406
8640000,152.235710365
8650000,153.486401864
8660000,153.94804684
8670000,159.665622759
8680000,160.108749737
8690000,154.567715191
8700000,156.03966024
8710000,173.661409287
8720000,186.177236352
8730000,167.936900126
8740000,162.137138467
8750000,177.59018983
8760000,162.24169012
8770000,151.130619023
8780000,159.622032414
8790000,165.23985007
8800000,159.747804991
8810000,156.623409028
8820000,268.341379047
8830000,180.300623306
8840000,176.673933821
8850000,182.28955673
8860000,178.653912071
8870000,172.738339505
8880000,181.123590416
8890000,189.402737607
8900000,182.441023823
8910000,179.347220555
8920000,180.885328262
8930000,176.378914821
8940000,180.320318487
8950000,177.177747072
8960000,179.933569154
8970000,175.922932547
8980000,170.656026582
8990000,150.347874457
9000000,142.847027423
9010000,148.925775478
9020000,153.021164178
9030000,155.190052598
9040000,151.247772148
9050000,147.989591348
9060000,146.718990706
9070000,149.236425226
9080000,151.393545789
9090000,146.267736811
9100000,145.623564954
9110000,144.979333711
9120000,143.148378081
9130000,122.117705166
9140000,129.359119247
9150000,128.142116835
9160000,128.63473704
9170000,126.555393057
9180000,127.222626276
9190000,134.764183234
9200000,129.64845306
9210000,127.417756109
9220000,134.165024055
9230000,136.289525737
9240000,143.546632141
9250000,141.177622337
9260000,143.981766001
9270000,142.91582737
9280000,144.229251275
9290000,165.819637442
9300000,164.401359366
9310000,170.803010113
9320000,166.997685666
9330000,167.173813622
9340000,168.296088317
9350000,162.99205404
9360000,161.308435456
9370000,168.148612481
9380000,176.365203155
9390000,184.748902308
9400000,180.162884395
9410000,188.532591746
9420000,189.865472108
9430000,204.253333611
9440000,212.35376266
9450000,223.113964194
9460000,228.591155265
9470000,235.866110395
9480000,265.764744649
9490000,284.236891891
9500000,264.758309795
9510000,266.51829559
9520000,259.677565601
9530000,257.944626008
9540000,262.342127339
9550000,273.751062414
9560000,247.834837614
9570000,225.698340743
9580000,226.806393415
9590000,219.859572127
9600000,230.527448192
9610000,224.552501975
9620000,229.246748936
9630000,243.756360973
9640000,201.317457427
9650000,201.985293249
9660000,194.741506695
9670000,133.243940664
9680000,123.302834978
9690000,110.464397728
9700000,113.945121316
9710000,136.811975722
9720000,132.794021152
9730000,123.403479675
9740000,134.958440177
9750000,136.121111453
9760000,133.950156817
9770000,131.033070791
9780000,132.87474049
9790000,133.824316779
9800000,142.113236405
9810000,142.075399163
9820000,143.533855022
9830000,169.153056807
9840000,172.658272897
9850000,170.811854041
9860000,158.235428124
9870000,161.088267075
9880000,157.458232746
9890000,172.153731697
9900000,171.401276744
9910000,181.577322497
9920000,172.224797674
9930000,182.591931052
9940000,184.873578571
9950000,195.642192677
9960000,197.284462297
9970000,198.341259725
9980000,217.012011005
9990000,214.316880131
10000000,210.776401734
10010000,207.899618433
10020000,198.06971621
10030000,212.327743188
10040000,211.531984138
10050000,187.511016378
10060000,189.2754563
10070000,199.31707257
10080000,195.609494826
10090000,207.036959991
10100000,214.530731473
10110000,210.084856105
10120000,199.88595068
10130000,208.680877062
10140000,202.300843298
10150000,201.885356481
10160000,209.018020106
10170000,220.683125271
10180000,231.034054041
10190000,247.40055112
10200000,243.79675701
10210000,243.478868515
10220000,241.292480438
10230000,244.685993553
10240000,244.865984957
10250000,247.54734568
10260000,237.542422334
10270000,239.013247932
10280000,229.786991509
10290000,233.052254296
10300000,231.730554708
10310000,229.585071838
10320000,229.009408247
10330000,244.199959355
10340000,235.8538564
10350000,229.679444827
10360000,222.976247337
10370000,228.211670105
10380000,231.097242768
10390000,229.527435423
10400000,229.095905348
10410000,227.718880715
10420000,239.074751181
10430000,246.634425291
10440000,240.9874075
10450000,239.580352693
10460000,239.651176955
10470000,253.860742486
10480000,226.443089378
10490000,293.393702659
10500000,244.396602669
10510000,245.027235206
10520000,264.166822158
10530000,279.071327401
10540000,304.13332594
10550000,321.575687094
10560000,313.460596355
10570000,336.233121821
10580000,369.787602097
10590000,358.518997855
10600000,386.035308822
10610000,390.970909816
10620000,378.353504674
10630000,386.425740468
10640000,404.454395014
10650000,383.463002451
10660000,423.322161403
10670000,433.731317744
10680000,429.832105402
10690000,427.973053029
10700000,405.213554267
10710000,385.59527087
10720000,395.555643434
10730000,406.614203525
10740000,385.721241701
10750000,382.617637301
10760000,393.964276115
10770000,427.077955395
10780000,442.812112475
10790000,445.340157511
10800000,395.959344386
10810000,340.816148948
10820000,353.96134132
10830000,341.048287166
10840000,354.201231051
10850000,374.403697358
10860000,371.207574493
10870000,375.483872364
10880000,366.694344169
10890000,387.931114204
10900000,387.36057189
10910000,373.938742427
10920000,342.72737777
10930000,326.70077607
10940000,350.33454354
10950000,353.86025355
10960000,358.57711446
10970000,357.4338727
10980000,354.40013903
10990000,347.7880973
11000000,350.30737017
11010000,342.16474848
11020000,339.95605495
11030000,362.03036673
11040000,372.66297981
11050000,384.68485398
11060000,381.81923467
11070000,378.03475673
11080000,368.03181564
11090000,377.51344083
11100000,368.57165641
11110000,392.90149628
11120000,408.77381672
11130000,411.79022068
11140000,393.50275684
11150000,404.16197011
11160000,386.31998551
11170000,384.15358986
11180000,395.2687034
11190000,383.84295933
11200000,401.69448565
11210000,415.63316435
11220000,436.40107541
11230000,444.64146386
11240000,449.017396
11250000,460.99526514
11260000,473.71949538
11270000,444.84152677
11280000,466.6149391
11290000,479.96397853
11300000,470.77378392
11310000,550.7546812
11320000,559.04718594
11330000,603.54922183
11340000,571.14496493
11350000,518.23573996
11360000,538.04456046
11370000,614.48828812
11380000,599.05812911
11390000,617.94656959
11400000,595.77034957
11410000,602.5918359
11420000,554.42394119
11430000,574.6288211
11440000,546.78496318
11450000,568.20305754
11460000,585.79179979
11470000,588.9777822
11480000,642.35895974
11490000,653.34039377
11500000,638.10599351
11510000,633.76300896
11520000,584.72246402
11530000,626.52262428
11540000,635.09176093
11550000,730.41256875
11560000,733.85493833
11570000,737.42914701
11580000,730.66506278
11590000,979.49100162
11600000,1039.50301091
11610000,1202.32777103
11620000,1219.40394719
11630000,1286.57493375
11640000,1087.78312909
11650000,1041.12132668
11660000,1215.46814353
11670000,1169.78661952
11680000,1232.13404494
11690000,1257.84069404
11700000,1380.98032987
11710000,1118.58207872
11720000,1229.23341981
11730000,1394.23291171
11740000,1355.47304645
11750000,1247.51586473
11760000,1384.47911142
11770000,1382.4124596
11780000,1371.45932919
11790000,1662.5838635
11800000,1596.51043412
11810000,1679.25871394
11820000,1619.16099618
11830000,1773.28593202
11840000,1748.21057567
11850000,1840.97079102
11860000,1814.0281062
11870000,1778.15920417
11880000,1779.3399551
11890000,1932.1680358
11900000,1959.88765556
11910000,1930.31483385
11920000,1559.8822455
11930000,1622.71014213
11940000,1442.76837651
11950000,1463.60077597
11960000,1566.04007405
11970000,1488.99123538
11980000,1538.7051598
11990000,1531.31200781
12000000,1727.70363145
12010000,1834.88459879
12020000,1802.19572301
12030000,1825.71373326
12040000,1928.75736562
12050000,1791.253222
12060000,1798.83203467
12070000,1789.7080812
12080000,1814.3199984
12090000,1788.80615789
12100000,1692.23110844
12110000,1594.36781659
12120000,1597.46210386
12130000,1721.37353308
12140000,1691.4968806
12150000,1846.19449181
12160000,1977.44955544
12170000,2136.18713864
12180000,2088.55129578
12190000,2049.28312134
12200000,1987.23937745
12210000,2080.76196133
12220000,2134.23733354
12230000,2152.35250664
12240000,2290.91893918
12250000,2431.47640946
12260000,2437.18371401
12270000,2365.63616133
12280000,2173.87056924
12290000,2373.32928775
12300000,2412.46374986
12310000,2216.847501
12320000,2301.55968369
12330000,2645.93710522
12340000,2745.06985724
12350000,2774.42563765
12360000,2947.97697664
12370000,3429.15060913
12380000,3238.69981738
12390000,3503.01362647
12400000,3485.01030316
12410000,3872.73648901
12420000,4166.99350683
12430000,3870.7246083
12440000,4106.19148658
12450000,3637.82343206
12460000,3280.63300905
12470000,3387.46753962
12480000,2779.67177499
12490000,2415.93254611
12500000,2114.04731058
12510000,2694.00068666
12520000,2875.64220822
12530000,2434.59594855
12540000,2287.27277059
12550000,2706.2075222
12560000,2631.39739415
12570000,2852.46958902
12580000,2698.86096098
12590000,2708.6781209
12600000,2595.95470411
12610000,2606.71331293
12620000,2351.82244159
12630000,2377.29335507
12640000,2593.47245122
12650000,2554.74856477
12660000,2377.36971196
12670000,2232.83673369
12680000,2243.05363093
12690000,1895.12139339
12700000,1967.20510188
12710000,1821.2682279
12720000,1815.1475879
12730000,2077.19575201
12740000,2168.12791771
12750000,2115.74400834
12760000,2146.89602001
12770000,2323.43845764
12780000,2208.78147056
12790000,2317.85344326
12800000,2152.29054579
12810000,2125.54620493
12820000,2042.87930736
12830000,1943.8681612
12840000,1917.37095816
12850000,1884.35464428
12860000,1904.47434691
12870000,1788.25001397
12880000,1988.65708487
12890000,2119.23635941
12900000,2179.8307788
12910000,2238.93951226
12920000,2287.04655876
12930000,2371.80158414
12940000,2532.67938643
12950000,2575.41277188
12960000,2511.04300915
12970000,2727.54775237
12980000,2892.12317992
12990000,3149.85656922
13000000,3155.49143189
13010000,3143.92571787
13020000,3048.91889547
13030000,3267.09060116
13040000,3299.15826913
13050000,3016.6798238
13060000,3055.5809672
13070000,3276.69992694
13080000,3232.63346857
13090000,3330.20780785
13100000,3171.35477538
13110000,3107.09741027
13120000,3264.58681143
13130000,3242.67877457
13140000,3427.74593707
13150000,3794.92562811
13160000,3934.21620304
13170000,3883.22316614
13180000,3942.19886132
13190000,3433.93322952
13200000,3432.82095528
13210000,3214.86762918
13220000,3400.91894731
13230000,3284.16218730808
13240000,3595.33815160273
13250000,3402.28838727771
13260000,3427.79983619295
13270000,2972.08086077472
13280000,2753.2454620492
13290000,3151.57223323481
13300000,2922.69796103646
13310000,3052.92724690071
13320000,2948.86973736601
13330000,2846.08706000493
13340000,3300.99329553508
13350000,3395.43499750542
13360000,3392.99077398742
13370000,3518.77543441826
13380000,3614.14742862568
13390000,3566.31903678679
13400000,3439.37085826467
13410000,3498.59448582206
13420000,3591.91012435111
13430000,3875.97371448526
13440000,3846.68914670313
13450000,3752.54157491906
13460000,3869.43502751829
13470000,4065.33082267628
13480000,3988.72112787005
13490000,4097.29251269879
13500000,4158.72534381538
13510000,3941.37939807927
13520000,4439.92777522958
13530000,4331.6668820981
13540000,4344.54761860946
13550000,4634.28834397653
13560000,4542.20351266361
13570000,4527.94578975286
13580000,4659.80073221269
13590000,4776.89294433697
13600000,4614.98407676297
13610000,4655.96118430153
13620000,4692.37232944467
13630000,4583.28201823565
13640000,4252.41381160109
13650000,3983.56143647896
13660000,4377.62548767867
13670000,4298.05854334674
13680000,4338.38582761833
13690000,4500.00433852104
13700000,4056.72600434083
13710000,4267.32288223405
13720000,4415.80839390524
13730000,4584.65389523443
13740000,4223.28485276392
13750000,4079.37195489336
13760000,4301.46083236876
13770000,4315.93316057547
13780000,4155.79303044676
13790000,3944.29559241075
13800000,4123.76176160251
13810000,3842.06007245618
13820000,4032.62332739
13830000,3885.46904864489
13840000,3954.75020552717
13850000,3918.0817875086
13860000,4005.12405077217
13870000,4098.0790576704
13880000,4061.37136006303
13890000,4064.08591912525
13900000,4054.55645321045
13910000,3651.36453517852
13920000,3679.63698558549
13930000,3760.83218954461
13940000,3761.70288449252
13950000,3788.23188528948
13960000,3413.92102393466
13970000,3187.40163106702
13980000,3147.29657511792
13990000,3077.68397000996
14000000,3378.89565461827
14010000,3307.06919336221
14020000,3336.42072176485
14030000,3206.22950413136
14040000,3166.45921490095
14050000,2997.61796642767
14060000,2551.17251717569
14070000,2535.74291953711
14080000,2441.13717346295
14090000,2470.9943921715
14100000,2423.47274299985
14110000,2589.92934236404
14120000,2685.57540668709
14130000,2790.75992365215
14140000,2664.2717428005
14150000,2979.23302133941
14160000,3060.24697629632
14170000,3146.68912437824
14180000,3241.22364274524
14190000,3069.3800862966
14200000,2911.91882293893
14210000,2882.02240400682
14220000,3180.97838226079
14230000,2885.01274994
14240000,2781.38918476929
14250000,2632.85834010066
14260000,2568.19237415285
14270000,2590.68454132989
14280000,2594.66496249837
14290000,2775.28062440371
14300000,2619.2383241494
14310000,2970.17635642695
14320000,2954.12548626922
14330000,2616.30497074195
14340000,2554.70978573887
14350000,2491.63787249773
14360000,2726.53537064416
14370000,2610.39681387055
14380000,2580.26908620666
14390000,2514.46960752176
14400000,2621.07728536044
14410000,2769.91047653291
14420000,2945.18763746345
14430000,2859.91695681281
14440000,2897.00806303376
14450000,3026.05814875359
14460000,3109.93836309944
14470000,3139.93076325164
14480000,3287.88883341962
14490000,3394.89500579563
14500000,3385.26860387418
14510000,3441.9039036126
14520000,3523.19972365308
14530000,3523.30717856273
14540000,3170.59999766864
14550000,3235.26063494071
14560000,3258.18542426089
14570000,3220.72283491561
14580000,3025.88870857424
14590000,3020.78326204088
14600000,3036.15060834615
14610000,2991.57752752023
14620000,3056.94699779868
14630000,3077.41304535517
14640000,2983.32854412648
14650000,2935.37038341834
14660000,2924.34972307066
14670000,2801.66006313364
14680000,2932.59924442527
14690000,2813.21554546667
14700000,2828.32157982873
14710000,2860.47230670415
14720000,2934.92811209661
14730000,2696.40915357647
14740000,2640.28581601724
14750000,2250.19225459051
14760000,2340.93849955622
14770000,1967.11818667444
14780000,2059.0178056735
14790000,2143.75630738946
14800000,2093.58864702487
14810000,1917.08830664619
14820000,1963.16420703054
14830000,2048.17778919837
14840000,1970.6239422616
14850000,1945.31749639874
14860000,1802.848008366
14870000,1795.6845433886
14880000,1993.30585942961
14890000,1945.6556546532
14900000,1837.36076624861
14910000,1798.86232188629
14920000,1806.75230223764
14930000,1815.43239937175
14940000,1786.49005707882
14950000,1659.79217995203
14960000,1445.54440463433
14970000,1211.37146040583
14980000,1065.25121712849
14990000,1086.12454909758
15000000,1124.74660456532
15010000,1123.47789662979
15020000,1144.85822582891
15030000,1242.18785985214
15040000,1193.73201460517
15050000,1141.66839884093
15060000,1069.4632325209
15070000,1067.59528454496
15080000,1073.6367911693
15090000,1133.37053118964
15100000,1188.77360438951
15110000,1227.70065166592
15120000,1217.28550291927
15130000,1098.50216062919
15140000,1038.48043961887
15150000,1192.49699589867
15160000,1233.47509627631
15170000,1342.93367291283
15180000,1540.57007040578
15190000,1522.71935230359
15200000,1535.31825997972
15210000,1550.72843448715
15220000,1447.10517793319
15230000,1437.7906879815
15240000,1725.01428942067
15250000,1728.69399106764
15260000,1684.67879923278
15270000,1638.33763648561
15280000,1617.64086493534
15290000,1730.21556996549
15300000,1695.30005658607
15310000,1774.48033225712
15320000,1703.45827059622
15330000,1882.59775131267
15340000,1984.11256771631
15350000,1935.90145597596
15360000,1876.74712770813
15370000,1836.5555924211
15380000,1614.31064852323
15390000,1575.47077541532
15400000,1618.53357070259
15410000,1660.7376857345
15420000,1697.93958801881
15430000,1487.61019506668
15440000,1431.97031347223
15450000,1526.02266970396
15460000,1584.51492924713
15470000,1574.88352957537
15480000,1573.99383578436
15490000,1614.96331250246
15500000,1629.45726574404
15510000,1717.17651937393
15520000,1774.92969380366
15530000,1714.93341028563
15540000,1633.06152573209
15550000,1472.65455685502
15560000,1432.14996498548
15570000,1336.82826041632
15580000,1376.69416178532
15590000,1252.18203303199
15600000,1328.62005001165
15610000,1326.75663140836
15620000,1293.71962431626
15630000,1335.50977773424
15640000,1336.51660531807
15650000,1335.85918070751
15660000,1328.12401934785
15670000,1275.86637836183
15680000,1324.80042992817
15690000,1352.83689921731
15700000,1351.45384398132
15710000,1331.63128601445
15720000,1322.17844213892
15730000,1290.61106558684
15740000,1293.65996615719
15750000,1288.79790049367
15760000,1297.82604020612
15770000,1305.66233616395
15780000,1331.00286935111
15790000,1285.11652926083
15800000,1282.25612432466
15810000,1299.68678089232
15820000,1362.72366037369
15830000,1344.27966869617
15840000,1565.46879042626
15850000,1513.75301704599
15860000,1554.62826778485
15870000,1591.26308576133
15880000,1573.14758486926
15890000,1519.25366453991
15900000,1529.99936339885
15910000,1644.79670235534
15920000,1571.79349364198
15930000,1567.21291607863
15940000,1099.69145614432
15950000,1297.57041994932
15960000,1285.82363756519
15970000,1220.96154185185
15980000,1240.72966466954
15990000,1214.73595496048
16000000,1199.89695972215
16010000,1211.31984793087
16020000,1141.76141698902
16030000,1107.63489770938
16040000,1184.25783553654
16050000,1203.85234670279
16060000,1198.16741894466
16070000,1193.22296910902
16080000,1168.28317427628
16090000,1294.59209728913
16100000,1276.18659889616
16110000,1294.34032161714
16120000,1280.63080721928
16130000,1259.53977500778
16140000,1232.03847173648
16150000,1281.03292395656
16160000,1262.53780077678
16170000,1262.47254955372
16180000,1275.25598932856
16190000,1308.38185038454
16200000,1265.63288076852
16210000,1167.21843782053
16220000,1182.99167448713
16230000,1166.66254855342
16240000,1217.02712773566
16250000,1216.8859540116
16260000,1219.53144346784
16270000,1218.39428306803
16280000,1227.40364863345
16290000,1211.80580885184
16300000,1200.58340762519
16310000,1199.21051770996
16320000,1199.84682870829
16330000,1213.62545109387
16340000,1214.23569869102
16350000,1250.01954782418
16360000,1269.51761377794
16370000,1286.92560937756
16380000,1321.2342370377
16390000,1335.55118958827
16400000,1417.09949368385
16410000,1451.02093357966
16420000,1551.79535327783
16430000,1575.66117292797
16440000,1565.78636660322
16450000,1552.53986789055
16460000,1660.4096238267
16470000,1627.60605621172
16480000,1626.97974981867
16490000,1555.21324616413
16500000,1601.74202915246
16510000,1597.93506869645
16520000,1645.94639040414
16530000,1566.58682362351
16540000,1585.47921101535
16550000,1642.3443042007
16560000,1664.63357401016
16570000,1629.69995320144
16580000,1615.45729804252
16590000,1672.38745079747
16600000,1544.70917758759
16610000,1514.52053912562
16620000,1515.33405538918
16630000,1507.39864888938
16640000,1557.16164599903
16650000,1641.20001351268
16660000,1694.76310158282
16670000,1680.58356578989
16680000,1701.6974599003
16690000,1657.09349419962
16700000,1650.49705961239
16710000,1607.73191082464
16720000,1640.45372977957
16730000,1634.15614340563
16740000,1604.85652972046
16750000,1647.42890818837
16760000,1567.87880207463
16770000,1564.72300290388
16780000,1566.72991604815
16790000,1561.56953766436
16800000,1438.44652002155
16810000,1434.75506638078
16820000,1590.31743030094
16830000,1678.63090878669
16840000,1705.12524337114
16850000,1678.11438964697
16860000,1791.07651856405
16870000,1785.9668370576
16880000,1734.16783872462
16890000,1806.013809465
16900000,1816.07944280763
16910000,1751.42021347862
16920000,1775.7096811967
16930000,1715.3201006645
16940000,1793.52135236566
16950000,1792.19595254115
16960000,1823.37905453494
16970000,1794.82193723392
16980000,1809.78450738383
16990000,1909.05575405738
17000000,1872.43162317803
17010000,1865.79080148664
17020000,1859.77550036381
17030000,1910.07858221767
17040000,1918.76473973236
17050000,2012.23390429323
17060000,2092.96280368484
17070000,2119.09363392885
17080000,2075.98290402366
17090000,1939.10443834419
17100000,1942.54882304728
17110000,1875.62046938891
17120000,1861.50021938838
17130000,1841.47325782794
17140000,1865.71435528858
17150000,1908.4970535011
17160000,1906.5893894612
17170000,1879.37303619104
17180000,1830.68106875945
17190000,1903.70672912256
17200000,1876.52835534668
17210000,1899.85964903677
17220000,1880.3827419472
17230000,1849.0492743573
17240000,1841.67195762299
17250000,1796.67977479175
17260000,1797.31161627229
17270000,1799.69485490487
17280000,1824.33305996537
17290000,1822.81781424271
17300000,1802.88387692059
17310000,1819.69951823809
17320000,1804.78554957539
17330000,1853.03677715705
17340000,1801.66974293241
17350000,1806.93667283481
17360000,1830.85923646594
17370000,1909.85471363962
17380000,1900.9573180912
17390000,1873.90789668718
17400000,1861.09807524249
17410000,1891.26837927929
17420000,1890.39283580815
17430000,1883.52656506544
17440000,1832.20537873275
17450000,1839.21540506201
17460000,1753.00267757687
17470000,1752.44948538061
17480000,1738.19043235353
17490000,1650.69788956182
17500000,1716.76925572945
17510000,1727.82815466443
17520000,1720.38175491449
17530000,1791.68217776109
17540000,1891.05751015212
17550000,1892.105714255
17560000,1876.50553931922
17570000,1900.48435640034
17580000,1890.36880794907
17590000,1828.87552636055
17600000,1933.57718943699
17610000,1923.69985633765
17620000,1937.12566380959
17630000,1937.78785091623
17640000,1911.47638272552
17650000,1869.29642247303
17660000,1863.56167869497
17670000,1862.84575113189
17680000,1877.49404623831
17690000,1872.13654338101
17700000,1937.01287311588
17710000,1930.86184916036
17720000,1911.569440205
17730000,1897.05645696627
17740000,1890.42953818363
17750000,1892.90148536995
17760000,1863.96888306968
17770000,1849.45909757517
17780000,1858.37800689856
17790000,1870.54947112685
17800000,1875.82796495012
17810000,1881.10588214152
17820000,1861.65387792102
17830000,1870.57983425608
17840000,1838.89106735994
17850000,1827.11701560569
17860000,1835.4842715862
17870000,1828.63712830511
17880000,1856.14163030528
17890000,1854.44369003918
17900000,1846.79024804314
17910000,1848.25567760257
17920000,1839.12521830901
17930000,1827.10737833871
17940000,1806.68703605031
17950000,1660.97860160041
17960000,1669.51697687347
17970000,1684.45958339758
17980000,1632.80770876881
17990000,1678.73241085449
18000000,1652.44441471732
18010000,1645.60120889885
18020000,1657.04975490323
18030000,1728.66207481679
18040000,1705.34053473052
18050000,1629.01276024259
18060000,1636.54247747573
18070000,1636.31279312325
18080000,1632.7487708671
18090000,1632.53469903553
18100000,1636.17859555499
18110000,1635.06308683144
18120000,1617.4747611377
18130000,1593.08657728642
18140000,1607.13159888206
18150000,1642.65634141035
18160000,1634.87452850417
18170000,1634.87452850417
18180000,1634.87452850417
18190000,1634.87452850417
18200000,1584.58818456891
18210000,1584.58818456891
18220000,1588.48818074078
18230000,1592.19683967364
18240000,1597.50332144174
18250000,1667.49378928365
18260000,1671.60741950587
18270000,1663.33605531482
18280000,1656.71596422094
18290000,1647.61145207809
18300000,1645.81598826486
18310000,1635.23105244878
18320000,1579.72283343333
18330000,1566.38777085392
18340000,1562.20045095783
18350000,1551.32176939419
18360000,1555.95808791947
18370000,1600.67030335794
18380000,1564.83255328703
18390000,1563.79455216693
18400000,1605.27339738943
18410000,1628.7978460271
18420000,1764.63023045438
18430000,1783.91991138739
18440000,1786.44970762672
18450000,1780.31231029747
18460000,1776.90486795367
18470000,1809.77288997589
18480000,1814.95852718792
18490000,1814.95852718792
18500000,1832.82677580601
18510000,1857.6085325177
18520000,1857.6085325177
18530000,1857.6085325177
18540000,1857.6085325177
18550000,1857.6085325177
18560000,1857.6085325177
18570000,1857.6085325177
18580000,1980.73804753832
18590000,2058.1589902644
18600000,1959.87567332749
18610000,1962.6295416072
18620000,2023.61047304557
18630000,1939.5942393331
18640000,2065.41368798219
18650000,2079.47817173088
18660000,2084.44304494937
18670000,2026.6550721443
18680000,2049.22169248627
18690000,2028.99597126249
18700000,2028.99597126249
18710000,2028.99597126249
18720000,2028.99597126249
18730000,2028.99597126249
18740000,2028.99597126249
18750000,2359.65959744018
18760000,2340.19509254369
18770000,2222.81133970105
18780000,2202.22373188067
18790000,2261.36536108187
18800000,2219.04000030348
18810000,2226.82262746144
18820000,2216.6783540961
18830000,2177.32497333215
18840000,2198.48319705954
18850000,2326.19477957654
18860000,2309.26818188099
18870000,2274.7914026
18880000,2230.97569998283
18890000,2377.52212126296
18900000,2298.21089319363
18910000,2293.81363679688
18920000,2349.22366879727
18930000,2357.52114327583
18940000,2209.95311800138
18950000,2259.2584916873
18960000,2239.25472246303
18970000,2334.08588409096
18980000,2338.762676191
18990000,2579.88790794418
19000000,2519.26912288836
19010000,2576.80396686333
19020000,2514.62280817099
19030000,2594.58785722181
19040000,2525.19640895943
19050000,2488.80102882842
19060000,2469.01993722029
19070000,2315.48552956719
19080000,2232.29557076506
19090000,2228.00143030744
19100000,2266.58329597954
19110000,2267.78660568681
19120000,2312.70265568747
19130000,2356.61455710009
19140000,2283.61933983939
19150000,2304.69179890941
19160000,2298.23833915202
19170000,2294.0986716322
19180000,2377.48713012845
19190000,2425.83941197403
19200000,2492.11456760421
19210000,2499.75351105362
19220000,2647.02805404251
19230000,2636.31614789828
19240000,2776.62664663666
19250000,2796.45419937267
19260000,2786.02026562918
19270000,2948.13413012261
19280000,3005.43085805584
19290000,2949.10278440735
19300000,2927.64996719983
19310000,2989.71750907569
19320000,3178.02437064952
19330000,3245.41166454831
19340000,3364.33716590647
19350000,3435.97160539698
19360000,3416.95553063271
19370000,3617.21216724029
19380000,3540.95393582897
19390000,3821.37612755353
19400000,3899.19745909004
19410000,3912.84682993993
19420000,4068.26143887866
19430000,3965.14484424367
19440000,4000.21111838204
19450000,3720.8703525916
19460000,3528.67729388071
19470000,3525.81385810482
19480000,3186.0142193145
19490000,3515.50013593047
19500000,3312.23518843483
19510000,3366.34490912199
19520000,3597.38187577423
19530000,3591.84767874399
19540000,3565.57563390676
19550000,3516.580464437
19560000,3507.9373440111
19570000,3507.18240974108
19580000,3280.74067259901
19590000,3327.54143929751
19600000,3323.64504943079
19610000,3363.75932493501
19620000,3696.20418162799
19630000,3503.90497978355
19640000,3505.68403854011
19650000,3231.43996327042
19660000,3027.42982842908
19670000,3104.50460266322
19680000,3089.00857608156
19690000,3068.36077014914
19700000,3069.87381767318
19710000,3154.44310902657
19720000,3202.95078533422
19730000,3216.12993518294
19740000,3160.75493519389
19750000,3131.84000607575
19760000,3249.69432740757
19770000,3206.8868911586
19780000,3010.58222257485
19790000,2992.06547152211
19800000,3108.57734383874
19810000,3116.79996766143
19820000,3073.5019321826
19830000,3027.6625731472
19840000,3031.80668689192
19850000,2907.1891662508
19860000,2914.24828052907
19870000,2948.31552938509
19880000,2886.18192969788
19890000,2939.7487971941
19900000,3091.73448347588
19910000,3119.53718775386
19920000,3652.95040823326
19930000,3795.12907855879
19940000,3775.32131677318
19950000,3731.77041832995
19960000,3746.39499516218
19970000,3887.72034451086
19980000,3846.15201685723
19990000,3747.3944800581
20000000,3765.8065120846
20010000,3813.88703145176
20020000,3770.32113903804
20030000,3812.90899090647
20040000,3808.5250328061
20050000,3684.77265277503
20060000,3678.93234342091
20070000,3668.01994722408
20080000,3497.86278884609
20090000,3472.48815284836
20100000,3478.53605436911
20110000,3563.5328593466
20120000,3514.41905339706
20130000,3476.90716761327
20140000,3516.0151708601
20150000,3518.60955612396
20160000,3498.13404857334
20170000,3346.0389846078
20180000,3400.44295437459
20190000,3375.34944571623
20200000,3373.36347208354
20210000,3376.25818995135
20220000,3446.05485896309
20230000,3418.36192524767
20240000,3294.69084873877
20250000,2983.99850493087
20260000,3065.73917562781
20270000,3022.44047208688
20280000,3064.46516784511
20290000,3101.15902543216
20300000,3127.23242116259
20310000,3172.26492040743
20320000,3470.39728213008
20330000,3444.6523090434
20340000,3400.96016783141
20350000,3510.5250464054
20360000,3519.55989142941
20370000,3445.42523730522
20380000,3480.13496888497
20390000,3331.27014961446
20400000,3274.70553355899
20410000,3263.6540014406
20420000,3325.0936146757
20430000,3276.30965082901
20440000,3232.39351687395
20450000,2988.02989523028
20460000,2906.447447013
20470000,2435.54289207516
20480000,2469.43882333174
20490000,2348.42813835743
20500000,2594.33796090262
20510000,2607.26041509845
20520000,2712.46176312215
20530000,2707.19183843951
20540000,2667.05018382145
20550000,2596.93414980869
20560000,2611.64358634577
20570000,2626.61420618637
20580000,2581.14471040526
20590000,2631.64688402284
20600000,2766.36673130817
20610000,2761.0227268941
20620000,2686.54460035311
20630000,2461.59562113484
20640000,2528.49128934939
20650000,2522.98235008744
20660000,2514.94549844101
20670000,2540.61328270813
20680000,2444.28742072372
20690000,2454.6766290734
20700000,2218.60683886949
20710000,2269.04145737937
20720000,2298.23747494104
20730000,2387.09605841051
20740000,2342.03088651815
20750000,2444.10295296709
20760000,2416.95091034684
20770000,2327.16742199209
20780000,2340.22319927844
20790000,2352.10432516368
20800000,2551.33134318526
20810000,2593.30304372136
20820000,2580.41378365722
20830000,2655.70844407008
20840000,2575.33387909663
20850000,2697.92248360258
20860000,2675.21014403016
20870000,2659.36150187837
20880000,2451.67446747841
20890000,2369.7874772947
20900000,2418.81605571386
20910000,2413.41091124786
20920000,2438.25980711244
20930000,2439.51393512023
20940000,2368.65193167673
20950000,2439.90134895365
20960000,2478.16334629885
20970000,2465.41635024089
20980000,2597.45766619838
20990000,2614.96063586923
21000000,2641.57443075354
